date,pOpen,pHigh,pLow,pClose,pVolume,pSma_w,pEma_w,pSma_3,pEma_3,pSma_7,pEma_7,pSma_15,pEma_15,pSma_10,pEma_10,pSma_30,pEma_30,pSma_60,pEma_60,pSma_90,pEma_90,pK,pD,pMacd,pSignal,sOpen,sHigh,sLow,sBuzz,sVolume,SumSentiment,AvgSentiment,sClose,sentiment,sSma_w,sEma_w,sSma_3,sEma_3,sSma_7,sEma_7,sSma_15,sEma_15,sSma_10,sEma_10,sSma_30,sEma_30,sSma_60,sEma_60,sSma_90,sEma_90,sK,sD,sMacd,sSignal,match,Additional,
02-05-2015,0,0,0,0,0,0,53.4505959,0,53.6627541,0,53.28699,0,52.2436676,0,52.9633827,0,50.2077675,0,48.01239,0,46.7850456,0,75.79639,2.01447678,2.191928,0,0,0,0,0,0,0,0,0,6,5.741969,6.66666651,5.62500858,5.714286,5.71237373,5.33333349,5.59118843,5.5,5.64796638,5.7,5.55919838,5.516667,5.542852,5.5333333,5.518743,1e-7,27.5330162,0.05559969,-0.09144068,true,[object Object],
01-05-2015,52.72,54.5,52.64,54.42,208900,53.3240051,53.4505959,53.3933144,53.6627541,53.29002,53.28699,53.1853371,52.2436676,53.182,52.9633827,49.0693245,50.2077675,46.9449921,48.01239,45.44522,46.7850456,83.38028,75.79639,2.01447678,2.23108625,0,0,0,0,0,0,0,0,0,6,6.11295366,6.66666651,6.25001669,5.714286,5.949832,5.33333349,5.675644,5.5,5.791959,5.7,5.59776354,5.516667,5.56125355,5.5333333,5.53040028,1e-7,36.71069,0.122990131,-0.118350826,false,[object Object],
30-04-2015,52.62,53.77,52.25,52.62,283200,53.1360054,52.9658966,53.03998,52.90551,53.0714531,52.90932,53.04467,51.9327621,52.965004,52.63969,48.71899,49.91727,46.77966,47.79518,45.2914429,46.613472,52.0080376,73.268425,1.99972916,2.27469134,10,10,10,1,1,10,10,10,10,6,6.66943073,6.66666651,7.50003338,5.714286,6.2664423,5.33333349,5.77216434,5.5,5.96794939,5.7,5.63898849,5.516667,5.580279,5.5333333,5.5423193,100,48.9475861,0.207215786,-0.1509765,false,[object Object],
29-04-2015,53,53.5,52.5,53.14,153600,53.1980057,53.1388435,53.1933174,53.1910172,53.0114555,53.00576,52.8553352,51.8345871,52.975,52.6440659,48.45866,49.7308769,46.65749,47.63163,45.1904449,46.4784927,71.23079,80.3552246,2.135086,2.322173,0,0,0,0,0,0,0,0,0,5,5.004146,5,5.00006676,5,5.021923,5,5.168188,5,5.071938,5.5333333,5.338229,5.4333334,5.43045759,5.5333333,5.442147,100,31.9301128,-0.197386742,-0.1904227,false,[object Object],
28-04-2015,53,54.54,52.71,53.36,323900,53.1480026,53.1382637,53.3066521,53.2420349,53.0914574,52.9610138,52.3553352,51.648098,53.0279961,52.53386,48.1673241,49.4957657,46.5149956,47.4449043,45.089222,46.3287964,84.5505753,83.3967,2.22385025,2.361356,0,0,0,0,0,0,0,0,0,5,5.006219,5,5.000134,5,5.029231,5.266667,5.192215,5,5.08792448,5.5333333,5.361555,5.4333334,5.44504929,5.5666666,5.45208263,1e-7,9.24015,-0.201844692,-0.1814349,false,[object Object],
27-04-2015,53.84,54.39,52.88,53.08,282300,52.9160042,53.0273933,53.16332,53.12407,52.932888,52.82802,51.772,51.40354,53.0509949,52.3502731,47.8563271,49.2292671,46.34666,47.2443924,44.9626656,46.17079,81.92886,83.01208,2.282402,2.37828946,0,0,0,0,0,0,0,0,0,5,5.00932837,5,5.000268,5,5.038975,5.266667,5.219674,5,5.10746336,5.5333333,5.38649,5.4333334,5.460136,5.5666666,5.46224165,1e-7,12.3202,-0.204598427,-0.16732417,true,[object Object],
26-04-2015,0,0,0,0,0,0,53.0010872,0,53.16814,0,52.7440224,0,51.1640472,0,52.18811,0,48.9637,0,47.0465736,0,46.01553,0,83.3731461,2.3524437,2.38871717,0,0,0,0,0,0,0,0,0,5,5.01399231,5,5.00053644,5,5.051966,5.266667,5.251056,5,5.13134432,5.5333333,5.413144,5.4333334,5.47573376,5.5666666,5.472629,1e-7,16.4269333,-0.20513773,-0.146879941,true,[object Object],
25-04-2015,0,0,0,0,0,0,53.0010872,0,53.16814,0,52.7440224,0,51.1640472,0,52.18811,0,48.9637,0,47.0465736,0,46.01553,0,83.3731461,2.3524437,2.39136243,0,0,0,0,0,0,0,0,0,5,5.02098846,5,5.001073,5,5.06928825,5.266667,5.2869215,5,5.160532,5.5333333,5.44163656,5.4333334,5.49186039,5.5666666,5.48325,1e-7,21.9025764,-0.202842236,-0.118649215,true,[object Object],
24-04-2015,53.11,53.5,52.43,53.48,162000,53.04,53.0010872,53.099987,53.16814,52.88146,52.7440224,51.21467,51.1640472,53.1159973,52.18811,47.515995,48.9637,46.19899,47.0465736,44.85044,46.01553,85.79388,83.3731461,2.3524437,2.39076138,0,0,0,0,0,0,0,0,0,5,5.0314827,5,5.002146,5,5.09238434,5.6,5.32791042,5,5.19620562,5.5333333,5.472094,5.4333334,5.50853348,5.5666666,5.49410963,1e-7,29.203434,-0.19696188,-0.0808906555,false,[object Object],
23-04-2015,52.61,53.36,52.07,52.93,148100,52.794,52.76163,52.67332,52.85628,52.9086,52.4986954,50.6120033,50.8331947,52.999,51.9010239,47.1489944,48.65223,46.03699,46.82849,44.742775,45.84779,81.05648,82.56624,2.3669014,2.37690639,0,0,0,0,0,0,0,0,0,5,5.047224,5,5.00429153,5,5.12317944,5.733333,5.374755,5.4,5.239807,5.5333333,5.504652,5.4333334,5.525772,5.5666666,5.50521326,37.5,38.937912,-0.186591625,-0.03152042,false,[object Object],
22-04-2015,52.07,53.04,51.83,52.89,232900,52.7520027,52.6774445,52.92998,52.7825623,53.0028877,52.3549271,50.0140038,50.53365,52.684,51.6723633,46.7963257,48.3572121,45.8968277,46.6216621,44.6536636,45.68864,83.053566,83.0694962,2.40692139,2.33018017,0,0,0,0,0,0,0,0,0,5,5.070836,5,5.008583,5,5.164239,5.733333,5.42829132,5.4,5.2930975,5.5333333,5.53945541,5.483333,5.543595,5.5666666,5.51656628,37.5,39.4172134,-0.170640945,0.0319524854,false,[object Object],
21-04-2015,53.77,53.77,51.47,52.2,350400,52.908,52.571167,52.71665,52.6751251,53.1228867,52.1765671,49.3680038,50.19703,51.9589958,51.40178,46.4629936,48.0446053,45.76466,46.4091759,44.57122,45.5268135,77.53799,83.07481,2.4270668,2.23686123,0,0,0,0,0,0,0,0,0,5,5.106254,5,5.017166,5,5.218985,5.733333,5.48947573,5.4,5.35823,5.5333333,5.576659,5.483333,5.56202173,5.5666666,5.5281744,37.5,40.0562859,-0.147799969,0.06724972,true,[object Object],
20-04-2015,52.5,53.78,52.14,53.7,189400,53.185997,52.756752,52.8899841,53.1502457,53.1386,52.1687546,48.76667,49.91089,51.1999969,51.2243958,46.21699,47.7580261,45.63616,46.2128754,44.50122,45.3768539,89.5284,84.92041,2.487732,2.083394,0,0,0,0,0,0,0,0,0,5,5.159381,5,5.03433228,5.571429,5.29198027,6.0666666,5.559401,5.4,5.43783665,5.5333333,5.616429,5.483333,5.58107328,5.5666666,5.54004335,37.5,40.9083824,-0.116496563,0.111323625,false,[object Object],
19-04-2015,0,0,0,0,0,0,52.28513,0,52.6004944,0,51.65834,0,49.3695869,0,50.674263,0,47.3482361,0,45.9590759,0,45.1898155,0,83.3844147,2.37625122,1.923186,0,0,0,0,0,0,0,0,0,5,5.23907137,5,5.06866455,5.571429,5.389307,6.0666666,5.63931561,5.9,5.535134,5.5333333,5.65894127,5.483333,5.60077047,5.5666666,5.55217934,37.5,42.04451,-0.074848175,0.165958673,true,[object Object],
18-04-2015,0,0,0,0,0,0,52.28513,0,52.6004944,0,51.65834,0,49.3695869,0,50.674263,0,47.3482361,0,45.9590759,0,45.1898155,0,83.3844147,2.37625122,1.77536476,0,0,0,0,0,0,0,0,0,5.8,5.358607,5,5.137329,5.571429,5.519076,6.0666666,5.73064661,6.1,5.65405226,5.5333333,5.70438528,5.483333,5.62113571,5.62222242,5.564588,37.5,43.5593452,-0.0206003189,0.233278915,true,[object Object],
17-04-2015,52.28,52.84,51.78,52.25,170400,53.1919975,52.28513,52.8799858,52.6004944,52.5785942,51.65834,48.05267,49.3695869,50.3019943,50.674263,45.89466,47.3482361,45.489,45.9590759,44.4003334,45.1898155,77.93766,83.3844147,2.37625122,1.56800377,0,0,0,0,0,0,0,0,0,5.8,5.53791,5,5.274658,5.571429,5.692101,6.0666666,5.835025,6.1,5.79939747,5.7,5.75296354,5.483333,5.642191,5.62222242,5.57727528,37.5,45.57913,0.04893875,0.2592452,true,[object Object],
16-04-2015,53.38,53.67,52.05,52.72,247900,53.204,52.3026962,53.32665,52.9509926,51.6343079,51.46112,47.4440041,48.9581,49.5209961,50.3241,45.6456642,47.0101852,45.33483,45.7458229,44.33167,45.03116,81.694664,85.2,2.34703445,1.31244612,0,0,0,0,0,0,0,0,0,5.8,5.806865,6.33333349,5.54931641,6.285714,5.92280149,6.0666666,5.954314,6.1,5.97704124,5.866667,5.804892,5.483333,5.66396,5.62222242,5.59024763,37.5,48.27217,0.136984825,0.265990525,true,[object Object],
15-04-2015,53.84,54.44,53.4,53.67,222600,52.6159973,52.0940437,53.6633148,53.1819839,50.4757347,51.0414963,46.79667,48.4206848,48.6449966,49.79168,45.37966,46.6164055,45.1731644,45.50941,44.2582245,44.8583755,89.28857,86.36844,2.22774887,1.04533172,0,0,0,0,0,0,0,0,0,5.8,6.210298,6.33333349,6.098633,6.571429,6.230402,6.0666666,6.090645,6.6,6.19416142,5.866667,5.860402,5.483333,5.686467,5.677778,5.603512,37.5,51.862896,0.247370243,0.270731032,true,[object Object],
14-04-2015,53.92,54.58,53.43,53.59,312800,51.01,51.30607,53.20998,52.69397,49.1971626,50.16533,46.1580048,47.670784,47.5979958,48.9298325,45.0739937,46.12995,44.987,45.23278,44.18178,44.6603622,88.64909,85.3950653,1.94636536,0.784321249,9,10,7,8,7,9,9,9,9,6.8,6.81544733,6.33333349,7.19726563,6.571429,6.64053631,6.0666666,6.24645138,6.6,6.45953035,5.866667,5.91974,5.483333,5.7097373,5.677778,5.617074,87.5,56.650528,0.384664536,0.272843719,false,[object Object],
13-04-2015,51.67,55.01,51.46,53.73,944700,49.2139969,50.1641045,51.9399834,51.7979355,47.89002,49.02377,45.53667,46.82518,46.5569954,47.8942375,44.8096657,45.6154671,44.7896652,44.9494858,44.09234,44.4596977,89.7681961,84.31039,1.56705093,0.5444018,0,0,0,0,0,0,0,0,0,6.4,5.72317076,5,5.39453125,6,5.85404873,5.8,5.85308743,6.2,5.89498138,5.733333,5.70730829,5.41666651,5.598203,5.633333,5.5410533,37.5,46.36737,0.147034168,0.215006039,false,[object Object],
12-04-2015,0,0,0,0,0,0,48.3811569,0,49.8658676,0,47.4550247,0,45.8387756,0,46.5974,0,45.0558434,0,44.65184,0,44.2513771,0,82.49112,1.04586029,0.3466284,0,0,0,0,0,0,0,0,0,6.4,6.084756,6.66666651,5.7890625,6.714286,6.13873148,5.8,5.974957,6.2,6.09386635,5.733333,5.75608826,5.41666651,5.618481,5.633333,5.55321169,37.5,49.32316,0.248865128,0.183309242,true,[object Object],
11-04-2015,0,0,0,0,0,0,48.3811569,0,49.8658676,0,47.4550247,0,45.8387756,0,46.5974,0,45.0558434,0,44.65184,0,44.2513771,0,82.49112,1.04586029,0.206765071,0,0,0,0,0,0,0,0,0,6.4,6.627134,7.33333349,6.57812548,6.714286,6.51830864,5.8,6.11423635,6.2,6.336948,5.733333,5.80823231,5.41666651,5.63944674,5.633333,5.56564331,37.5,53.2642136,0.375218868,0.14018631,true,[object Object],
10-04-2015,50.23,52.73,50.03,52.31,591300,47.412,48.3811569,49.2433167,49.8658676,46.4943,47.4550247,44.9533348,45.8387756,45.4829941,46.5974,44.5469971,45.0558434,44.595665,44.65184,43.9891129,44.2513771,95.89445,82.49112,1.04586029,0.066901736,10,10,10,2,2,10,10,10,10,7.4,7.44070053,7.33333349,8.156251,6.714286,7.024411,5.8,6.273413,6.2,6.63404751,5.733333,5.86397266,5.5,5.661123,5.633333,5.57835436,100,58.51895,0.531034,0.0831066743,true,[object Object],
09-04-2015,48.88,50.97,48.51,49.78,1252600,45.838,46.4167366,46.67665,47.42173,45.1928749,45.8367,44.3933334,44.9143143,44.56399,45.3279343,44.3966637,44.5555573,44.4251671,44.3922424,43.9104462,44.0702858,85.950386,78.0233459,0.510002136,-0.08243518,7,10,2,10,12,7,7,7,7,6.4,6.161051,5.66666651,6.312502,6,6.032548,5.4666667,5.74104357,5.7,5.88605833,5.5666666,5.57872963,5.41666651,5.51404238,5.577778,5.47899151,62.5,44.6919327,0.213096142,0.009043534,true,[object Object],
08-04-2015,44.64,45.79,44.33,45.64,220100,44.6740036,44.7351036,44.9899864,45.0634575,44.25002,44.5222664,44.0620041,44.2192154,43.8869934,44.3385849,44.2853279,44.19525,44.2848358,44.2096062,43.8664474,43.94198,95.44069,75.3810043,0.07623291,-0.178412125,5,5,5,5,1,5,5,5,5,6,5.741576,6.66666651,5.625004,5.714286,5.710064,5.33333349,5.56119251,5.5,5.638516,5.5,5.480711,5.383333,5.46367073,5.55555534,5.44481134,1e-7,38.7559128,0.1096468,-0.0290538464,false,[object Object],
07-04-2015,44.81,45.07,44.47,44.61,127600,44.186,44.2826576,44.5899849,44.4869156,43.87144,44.14969,43.9793358,44.0162468,43.7319946,44.04938,44.3099937,44.0956154,44.2075043,44.1611176,43.8652267,43.90382,77.00728,68.69444,-0.05699539,-0.224910319,0,0,0,0,0,0,0,0,0,6,6.11236429,6.66666651,6.250007,5.714286,5.94675159,5.33333349,5.64136267,5.5,5.78040838,5.5,5.51386356,5.383333,5.479388,5.55555534,5.45480728,1e-7,51.67455,0.179649353,-0.054631073,true,[object Object],
06-04-2015,44.31,45.24,44.24,44.72,103500,43.9,44.1189842,44.37332,44.3638344,43.65859,43.996254,43.9406738,43.9314232,43.6979942,43.9247971,44.34199,44.06014,44.15167,44.1459,43.8834457,43.88795,81.0219,65.92349,-0.12134552,-0.254189819,10,10,10,5,1,10,10,10,10,6,6.66854668,6.66666651,7.50001431,5.714286,6.262336,5.33333349,5.732986,5.5,5.95383263,5.5,5.54930258,5.383333,5.495639,5.611111,5.465028,100,68.8994,0.2663846,-0.0864823163,true,[object Object],
05-04-2015,0,0,0,0,0,0,43.8184738,0,44.0076675,0,43.7550049,0,43.8187675,0,43.748085,0,44.01463,0,44.12644,0,43.8692551,0,60.890686,-0.2129097,-0.2763193,0,0,0,0,0,0,0,0,0,5,5.00281954,5,5.00002861,5,5.016448,5,5.12341261,5,5.054684,5.33333349,5.24235773,5.3,5.34294844,5.55555534,5.363118,100,58.5325356,-0.135874748,-0.125878125,true,[object Object],
04-04-2015,0,0,0,0,0,0,43.8184738,0,44.0076675,0,43.7550049,0,43.8187675,0,43.748085,0,44.01463,0,44.12644,0,43.8692551,0,60.890686,-0.2129097,-0.288274974,0,0,0,0,0,0,0,0,0,5,5.004229,5,5.000057,5,5.02193069,5,5.141043,5,5.06683636,5.33333349,5.2590723,5.3,5.35457373,5.55555534,5.37127829,100,44.71005,-0.138237,-0.1177649,true,[object Object],
03-04-2015,0,0,0,0,0,0,43.8184738,0,44.0076675,0,43.7550049,0,43.8187675,0,43.748085,0,44.01463,0,44.12644,0,43.8692551,0,60.890686,-0.2129097,-0.2944798,0,0,0,0,0,0,0,0,0,5,5.00634336,5,5.00011444,5,5.02924061,5,5.16119242,5,5.081689,5.33333349,5.27693939,5.366667,5.36659336,5.55555534,5.37962151,100,26.2800655,-0.139241219,-0.105696522,true,[object Object],
02-04-2015,44.08,44.78,44.03,44.44,106500,43.5540047,43.8184738,43.8666534,44.0076675,43.4143028,43.7550049,43.817337,43.8187675,43.7239952,43.748085,44.358326,44.01463,44.0675,44.12644,43.89889,43.8692551,82.4323959,60.890686,-0.2129097,-0.294381022,0,0,0,0,0,0,0,0,0,5,5.00951529,5,5.000229,5,5.03898764,5.33333349,5.18422,5,5.099842,5.33333349,5.29603863,5.45,5.37902,5.55555534,5.388152,1e-7,1.70675516,-0.138497829,-0.0887555,false,[object Object],
01-04-2015,42.99,43.98,42.5,43.96,173800,43.29,43.50771,43.4466553,43.57534,43.3643,43.5266724,43.686,43.73002,43.6709976,43.594326,44.390995,43.9852943,43.975,44.11581,43.915226,43.85643,69.45944,53.7101135,-0.298172,-0.2846493,0,0,0,0,0,0,0,0,0,5,5.014273,5,5.000458,5,5.05198336,5.66666651,5.210537,5,5.1220293,5.33333349,5.316455,5.45,5.39186859,5.55555534,5.39687443,1e-7,2.27567363,-0.135534286,-0.06584157,false,[object Object],
31-03-2015,43.06,43.55,42.89,43.2,208200,43.1000023,43.2815666,43.1233253,43.1906853,43.40859,43.3822327,43.5786667,43.6971664,43.7559967,43.5130653,44.435997,43.9870377,43.8808365,44.1210938,43.93056,43.8541031,48.9189453,48.46034,-0.353790283,-0.265164256,0,0,0,0,0,0,0,0,0,5,5.02140951,5,5.00091553,5,5.069311,5.66666651,5.240614,5,5.149147,5.33333349,5.33827925,5.45,5.40515232,5.55555534,5.40579271,1e-7,3.03423142,-0.129780293,-0.03563738,false,[object Object],
30-03-2015,43.35,43.48,42.92,43.18,374900,43.2780037,43.32235,43.09666,43.18137,43.6628723,43.4429741,43.558,43.76819,43.8759956,43.582634,44.50233,44.041317,43.8485031,44.152317,43.9551163,43.8688,48.37839,48.30747,-0.342250824,-0.240980357,0,0,0,0,0,0,0,0,0,5,5.03211451,5,5.001831,5,5.092415,5.66666651,5.274987,5,5.182291,5.33333349,5.361609,5.5333333,5.418886,5.55555534,5.41491175,1e-7,4.045642,-0.120548248,0.00343248574,true,[object Object],
29-03-2015,0,0,0,0,0,0,43.3935242,0,43.18274,0,43.530632,0,43.8522148,0,43.6721077,0,44.10072,0,44.185276,0,43.88428,0,48.28383,-0.320510864,-0.218078613,0,0,0,0,0,0,0,0,0,5,5.04817152,5,5.003662,5,5.12321949,5.66666651,5.314271,5,5.22280025,5.33333349,5.38654757,5.58333349,5.433086,5.55555534,5.424236,1e-7,5.39418936,-0.107011795,0.05324994,true,[object Object],
28-03-2015,0,0,0,0,0,0,43.3935242,0,43.18274,0,43.530632,0,43.8522148,0,43.6721077,0,44.10072,0,44.185276,0,43.88428,0,48.28383,-0.320510864,-0.197592422,0,0,0,0,0,0,0,0,0,5,5.07225752,5,5.007324,5,5.164293,5.66666651,5.359167,5.5,5.27231169,5.33333349,5.413206,5.58333349,5.447767,5.55555534,5.433769,1e-7,7.19225264,-0.08817768,0.116060629,true,[object Object],
27-03-2015,42.99,43.43,42.65,42.99,270300,43.496006,43.3935242,43.03999,43.18274,43.76716,43.530632,43.6673355,43.8522148,43.9609947,43.6721077,44.5809975,44.10072,43.8350067,44.185276,43.9736748,43.88428,43.0108,48.28383,-0.320510864,-0.186809123,0,0,0,0,0,0,0,0,0,5,5.108386,5,5.01464844,5,5.219057,5.66666651,5.41047668,6,5.33282566,5.33333349,5.44170332,5.58333349,5.46294546,5.55555534,5.44351673,1e-7,9.58967,-0.06285572,0.194541723,true,[object Object],
26-03-2015,43.01,43.8,42.99,43.12,429500,43.8940048,43.5952873,43.40665,43.37548,44.02716,43.7108421,43.73667,43.9753876,43.9489975,43.8236847,44.6569977,44.1773224,43.8185043,44.2257919,43.9918938,43.904377,46.50535,50.0415039,-0.268753052,-0.175943583,0,0,0,0,0,0,0,0,0,5,5.162579,5,5.029297,5,5.292076,5.66666651,5.469116,6,5.406787,5.33333349,5.47216558,5.58333349,5.47863865,5.55555534,5.45348358,1e-7,12.7862263,-0.0296216011,0.235316753,false,[object Object],
25-03-2015,44.1,44.38,42.95,43.01,177000,44.0520058,43.83293,43.78999,43.6309662,44.21002,43.90779,43.84734,44.0975838,43.8839951,43.98006,44.7176628,44.25024,43.802002,44.2632751,44.00234,43.9220047,43.5483475,51.2202225,-0.212020874,-0.180546224,0,0,0,0,0,0,0,0,0,5,5.243869,5,5.05859375,5.714286,5.389435,5.66666651,5.536133,6,5.497184,5.33333349,5.504729,5.58333349,5.49486351,5.55555534,5.463674,1e-7,17.0483017,0.01322794,0.22737211,true,[object Object],
24-03-2015,44.14,44.65,43.8,44.09,150200,44.4120064,44.2444,44.4466553,44.25193,44.355732,44.2070541,43.96267,44.2529526,43.817997,44.19563,44.8069954,44.3357735,43.7860031,44.30576,44.02234,43.9425,72.58064,53.77751,-0.125324249,-0.198715627,0,0,0,0,0,0,0,0,0,5,5.36580324,5,5.1171875,6.428571,5.51924658,5.66666651,5.61272335,6,5.607669,5.33333349,5.539538,5.58333349,5.51163864,5.55555534,5.474094,1e-7,22.73107,0.0677275658,0.213924617,true,[object Object],
23-03-2015,44.96,44.96,44.08,44.27,147200,44.4740067,44.3216,44.3866577,44.4138565,44.1814461,44.2460747,43.99,44.27623,43.6979942,44.2191,44.8329964,44.3527222,43.7441673,44.3130722,44.03178,43.9391861,60.1252747,47.5098038,-0.122806549,-0.2309956,0,0,0,0,0,0,0,0,0,6,5.54870462,5,5.234375,6.428571,5.692329,5.66666651,5.70025539,6,5.7427063,5.4333334,5.57674742,5.58333349,5.528982,5.55555534,5.484748,1e-7,30.3080921,0.136303425,0.193649083,true,[object Object],
22-03-2015,0,0,0,0,0,0,44.3474045,0,44.5577164,0,44.2381,0,44.27712,0,44.20779,0,44.3584251,0,44.3145332,0,43.93175,0,43.30465,-0.1361351,-0.263555318,0,0,0,0,0,0,0,0,0,7,5.823057,5,5.46875,6.428571,5.92310524,5.66666651,5.800292,6,5.907752,5.4333334,5.61652327,5.58333349,5.54691362,5.51111126,5.495641,1e-7,40.41079,0.221848488,0.16495344,true,[object Object],
21-03-2015,0,0,0,0,0,0,44.3474045,0,44.5577164,0,44.2381,0,44.27712,0,44.20779,0,44.3584251,0,44.3145332,0,43.93175,0,43.30465,-0.1361351,-0.294634074,0,0,0,0,0,0,0,0,0,7,6.234586,6.66666651,5.9375,6.428571,6.2308073,5.66666651,5.91461945,6,6.10947466,5.4333334,5.65904236,5.58333349,5.565453,5.522222,5.506779,1e-7,53.88105,0.327808857,0.125928029,true,[object Object],
20-03-2015,44.24,45.09,44.06,44.98,177400,44.4260025,44.3474045,44.5666542,44.5577164,43.924305,44.2381,44.0826645,44.27712,43.753,44.20779,44.8419952,44.3584251,43.6973343,44.3145332,44.0334473,43.93175,65.5109558,43.30465,-0.1361351,-0.317632884,0,0,0,0,0,0,0,0,0,7,6.85187864,8.333333,6.875,6.428571,6.64107656,5.66666651,6.0452795,6,6.35602474,5.4333334,5.70449352,5.58333349,5.584621,5.522222,5.5181675,1e-7,71.8414,0.458284378,0.0742857158,false,[object Object],
19-03-2015,44.77,45.01,43.68,43.91,99700,44.0040054,44.03111,44.37332,44.13543,43.5485878,43.9908,44.140667,44.17671,43.6579971,44.0361862,44.8206635,44.31556,43.6331673,44.2919769,44.0223351,43.9081955,39.43663,35.9025459,-0.223461151,-0.325238556,10,10,10,5,1,10,10,10,10,7,7.777818,8.333333,8.75,6.428571,7.18810225,5.66666651,6.19460535,6,6.657364,5.4333334,5.75307941,5.66666651,5.604439,5.522222,5.529812,100,95.78853,0.618152142,0.00729084,false,[object Object],
18-03-2015,44.4,44.99,43.89,44.81,109200,43.7160034,44.0916634,44.41332,44.3608627,43.40287,44.01773,44.4,44.21481,43.7449951,44.0642281,44.84033,44.34353,43.57767,44.304924,44.021225,43.9081535,51.50606,34.7245178,-0.2227211,-0.301806122,10,10,10,10,1,10,10,10,10,6,6.666727,6.66666651,7.5,5.714286,6.250803,5.33333349,5.65097761,5.5,5.91455555,5.266667,5.46018839,5.58333349,5.45543671,5.45555544,5.429358,100,94.3847046,0.3041196,-0.07832506,true,[object Object],
17-03-2015,43.78,44.58,43.52,44.4,138800,43.2240067,43.7324944,43.76665,43.9117279,43.4043,43.75364,44.508667,44.1297836,43.7379951,43.8985023,44.8563271,44.31136,43.5563354,44.2878036,44.0058937,43.887886,45.3313637,29.1306686,-0.310176849,-0.2573132,0,0,0,0,0,0,0,0,0,5,5.00009,5,5,5,5.001071,5,5.029689,5,5.006679,5.1,5.147098,5.5,5.301384,5.37777758,5.326647,100,92.51294,-0.101123333,-0.129897118,false,[object Object],
16-03-2015,43.06,44.09,42.69,44.03,118000,42.9220047,43.39874,43.12332,43.4234543,43.3514442,43.5381851,44.640667,44.0911827,43.7479935,43.787056,44.86266,44.3052444,43.55017,44.284,43.99578,43.8763771,39.75903,23.7304382,-0.3755455,-0.198238373,0,0,0,0,0,0,0,0,0,5,5.00013542,5,5.00000048,5,5.00142765,5,5.03393,5,5.00816345,5.1,5.157243,5.58333349,5.3116,5.422222,5.333987,100,90.01726,-0.10779953,-0.1372668,false,[object Object],
15-03-2015,0,0,0,0,0,0,43.083107,0,42.81691,0,43.3742447,0,44.0999222,0,43.73307,0,44.3242264,0,44.29261,0,43.8729248,0,18.3875732,-0.415843964,-0.13190037,0,0,0,0,0,0,0,0,0,5,5.000203,5,5.000001,5,5.00190353,5,5.038777,5,5.00997734,5.1,5.168087,5.58333349,5.322163,5.477778,5.34149265,100,86.68968,-0.114752293,-0.144676521,true,[object Object],
14-03-2015,0,0,0,0,0,0,43.083107,0,42.81691,0,43.3742447,0,44.0999222,0,43.73307,0,44.3242264,0,44.29261,0,43.8729248,0,18.3875732,-0.415843964,-0.0610847473,0,0,0,0,0,0,0,0,0,5,5.0003047,5,5.00000143,5,5.00253773,5,5.04431629,5,5.01219463,5.1,5.17967939,5.58333349,5.333084,5.477778,5.349167,100,82.25291,-0.1219573,-0.152029678,true,[object Object],
13-03-2015,42.55,43.05,41.39,42.87,250800,43.0800056,43.083107,42.563324,42.81691,43.4585876,43.3742447,44.7433319,44.0999222,43.9109955,43.73307,44.83699,44.3242264,43.5158348,44.29261,43.9910049,43.8729248,22.2891521,18.3875732,-0.415843964,0.024519179,0,0,0,0,0,0,0,0,0,5,5.00045729,5,5.000003,5,5.00338364,5,5.05064726,5,5.0149045,5.1,5.192071,5.58333349,5.344375,5.477778,5.357013,100,76.33721,-0.129380226,-0.159203634,false,[object Object],
12-03-2015,42.75,43.15,42.35,42.47,187000,43.3120041,43.18966,42.56999,42.7638245,43.72573,43.5423241,44.899334,44.2756271,44.2089958,43.9248619,44.8819923,44.42452,43.5176659,44.3408356,44.0024452,43.895462,6.867672,17.0870457,-0.3431244,0.119940013,0,0,0,0,0,0,0,0,0,5,5.000686,5,5.00000572,5,5.004512,5,5.057883,5,5.01821661,5.1,5.205317,5.58333349,5.356049,5.477778,5.365036,100,68.4496155,-0.136971951,-0.1660445,true,[object Object],
11-03-2015,42.76,42.76,42.06,42.35,204000,43.7740059,43.5494881,43.35332,43.0576477,44.015728,43.899765,45.0959969,44.5335732,44.7419968,44.2481651,44.92499,44.55931,43.53967,44.4042549,44.0151138,43.927494,4.857575,20.4935036,-0.204586029,0.219547689,0,0,0,0,0,0,0,0,0,5,5.00102949,5,5.00001144,5,5.006016,5,5.06615162,5,5.02226448,5.266667,5.2194767,5.58333349,5.368119,5.477778,5.373239,100,57.93282,-0.144669533,-0.172360837,true,[object Object],
10-03-2015,44.37,44.4,42.64,42.89,173500,44.2520065,44.1492348,43.9133263,43.7652969,44.4885864,44.41635,45.29333,44.8455124,45.1509933,44.66998,44.9973259,44.7116776,43.5823326,44.4738922,44.0154457,43.962944,4.63822,25.7054787,-0.0125694275,0.3212403,0,0,0,0,0,0,0,0,0,5,5.001544,5,5.000023,5,5.00802135,5,5.07560158,5,5.027212,5.266667,5.234613,5.58333349,5.38059759,5.477778,5.38162661,100,43.9104271,-0.152390957,-0.177915782,true,[object Object],
09-03-2015,44.01,45.11,44.01,44.82,75700,44.5740051,44.7788544,44.5433235,44.64059,44.9114456,44.9251366,45.4466629,45.12487,45.4999962,45.06553,45.0663261,44.83731,43.62533,44.5275841,44.00945,43.9870567,29.912653,32.7278976,0.1777153,0.409634471,0,0,0,0,0,0,0,0,0,5,5.002316,5,5.000046,5,5.01069546,5,5.086402,5,5.03325939,5.266667,5.250793,5.58333349,5.39349937,5.477778,5.39020252,100,25.2139015,-0.160028934,-0.182417974,false,[object Object],
08-03-2015,0,0,0,0,0,0,44.75828,0,44.46118,0,44.9601822,0,45.1684227,0,45.12009,0,44.8385048,0,44.5176735,0,43.968338,0,33.6663132,0.221496582,0.4768859,0,0,0,0,0,0,0,0,0,5,5.003474,5,5.00009155,5,5.01426029,5.2,5.098745,5,5.04065037,5.266667,5.268089,5.58333349,5.40683842,5.477778,5.398971,1e-7,0.285201132,-0.167450428,-0.185511112,true,[object Object],
07-03-2015,0,0,0,0,0,0,44.75828,0,44.46118,0,44.9601822,0,45.1684227,0,45.12009,0,44.8385048,0,44.5176735,0,43.968338,0,33.6663132,0.221496582,0.5392727,0,0,0,0,0,0,0,0,0,5,5.00521135,5,5.000183,5,5.0190134,5.2,5.112851,5,5.049684,5.266667,5.2865777,5.66666651,5.4206295,5.477778,5.40793657,1e-7,0.380268157,-0.174487114,-0.186760738,true,[object Object],
06-03-2015,44.33,44.86,43.95,44.03,110500,44.7420044,44.75828,44.5166626,44.46118,45.33716,44.9601822,45.4946632,45.1684227,45.5749969,45.12009,45.0553246,44.8385048,43.64333,44.5176735,43.968338,43.968338,12.6637173,33.6663132,0.221496582,0.608502269,0,0,0,0,0,0,0,0,0,5,5.007817,5,5.000366,5,5.025351,5.2,5.128973,5,5.06072474,5.266667,5.30634165,5.66666651,5.434888,5.477778,5.417104,1e-7,0.507024169,-0.180930614,-0.185639217,true,[object Object],
05-03-2015,44.79,44.99,44.3,44.78,56400,45.1060066,45.12242,44.67333,44.89237,45.6814461,45.2702446,45.5773277,45.3310547,45.692997,45.36233,45.0833244,44.8942642,43.6531639,44.5342064,43.9676437,43.9676437,29.03927,40.66718,0.35459137,0.663040161,0,0,0,0,0,0,0,0,0,5,5.011725,5,5.00073242,5,5.03380156,5.2,5.147398,5,5.074219,5.266667,5.327469,5.66666651,5.44963,5.477778,5.426477,1e-7,0.6760322,-0.186522961,-0.181507528,true,[object Object],
04-03-2015,44.24,44.78,43.45,44.74,175100,45.7100067,45.2936325,44.9666634,45.0047379,45.9100151,45.43366,45.5879974,45.4097748,45.7569962,45.4917374,45.02399,44.9021454,43.6746674,44.5258751,43.9584122,43.9584122,28.1659718,44.543148,0.442943573,0.6982727,0,0,0,0,0,0,0,0,0,5,5.017587,5,5.00146532,5,5.04506874,5.2,5.168455,5,5.09071255,5.4,5.350053,5.66666651,5.46487141,5.477778,5.436061,1e-7,0.901376247,-0.190948009,-0.173593938,false,[object Object],
03-03-2015,45.59,46.18,44.18,44.5,266600,46.0500069,45.570446,45.3366661,45.269474,46.02859,45.66488,45.65133,45.505455,45.814,45.65879,44.96666,44.9133263,43.6975021,44.5186157,43.94943,43.94943,8.311684,50.0022049,0.5533447,0.7175157,0,0,0,0,0,0,0,0,0,5,5.02638054,5,5.00293064,5,5.0600915,5.2,5.19252,5.3,5.110871,5.5666666,5.37419462,5.66666651,5.48063,5.477778,5.44586,1e-7,1.20183492,-0.193819046,-0.160968363,true,[object Object],
02-03-2015,45.9,46.87,45.05,45.66,177500,46.4260063,46.10567,46.4366646,46.0389481,46.1300163,46.0531731,45.676,45.6490936,45.883,45.9163,44.89999,44.94183,43.73567,44.5192451,43.9430275,43.9430275,37.7952652,63.899044,0.7106476,0.724781454,0,0,0,0,0,0,0,0,0,5,5.039571,5,5.00586176,5,5.080122,5.2,5.220023,5.3,5.135509,5.5666666,5.400001,5.66666651,5.49692249,5.477778,5.455879,1e-7,1.60244656,-0.194664,-0.142512113,true,[object Object],
01-03-2015,0,0,0,0,0,0,46.3285065,0,46.4178963,0,46.18423,0,45.6475372,0,45.97326,0,44.8923,0,44.4805756,0,43.92283,0,72.6003,0.782978058,0.7145691,0,0,0,0,0,0,0,0,0,5,5.059356,5,5.01172352,5,5.106829,5.2,5.251455,5.3,5.165622,5.5666666,5.42758751,5.66666651,5.51376724,5.477778,5.46612358,1e-7,2.13659549,-0.192910671,-0.150821686,true,[object Object],
28-02-2015,0,0,0,0,0,0,46.3285065,0,46.4178963,0,46.18423,0,45.6475372,0,45.97326,0,44.8923,0,44.4805756,0,43.92283,0,72.6003,0.782978058,0.69632,0,0,0,0,0,0,0,0,0,5,5.08903456,5,5.023447,5.428571,5.142439,5.2,5.287377,5.3,5.202427,5.733333,5.45707655,5.66666651,5.53118324,5.477778,5.47659826,1e-7,2.848794,-0.187867165,-0.159233943,true,[object Object],
27-02-2015,47.78,47.78,45.45,45.85,240800,46.40801,46.3285065,46.6966667,46.4178963,46.09573,46.18423,45.60133,45.6475372,45.871,45.97326,44.7696571,44.8923,43.73367,44.4805756,43.92283,43.92283,45.77114,72.6003,0.782978058,0.6815131,0,0,0,0,0,0,0,0,0,5,5.1335516,5,5.046894,5.428571,5.18991852,5.2,5.32843065,5.3,5.247411,5.83333349,5.488599,5.66666651,5.54918957,5.477778,5.4873085,1e-7,3.798392,-0.178697109,-0.167654887,true,[object Object],
26-02-2015,46.33,48.03,45.8,47.8,183600,46.2800064,46.56776,46.8733368,46.9857941,46.0185852,46.2956429,45.5006676,45.6186142,45.8129959,46.0006523,44.6443253,44.826252,43.7101669,44.4341545,43.8998833,43.8998833,94.30694,81.54336,0.844562531,0.667673349,0,0,0,0,0,0,0,0,0,5.6,5.2003274,5,5.09378862,5.428571,5.253225,5.2,5.37534952,5.3,5.302391,5.83333349,5.52229548,5.66666651,5.56780624,5.477778,5.498259,1e-7,5.06452274,-0.164393425,-0.175964415,false,[object Object],
25-02-2015,46.32,46.89,45.9,46.44,143500,45.8040047,45.95164,46.1300049,46.1715927,45.64573,45.79419,45.2806664,45.3069878,45.527,45.6008,44.4536552,44.6211662,43.6673355,44.3200569,43.8528938,43.8528938,84.48272,77.28883,0.7123375,0.648406148,0,0,0,0,0,0,0,0,0,5.6,5.30049133,5,5.18757725,5.428571,5.337633,5.2,5.428971,5.3,5.369589,5.83333349,5.55831575,5.66666651,5.587054,5.477778,5.50945568,1e-7,6.752697,-0.143745422,-0.184010923,false,[object Object],
24-02-2015,45.48,46.48,45.45,46.38,84600,45.5780029,45.7074623,45.720005,45.903183,45.51716,45.57892,45.204,45.14513,45.452,45.41431,44.28432,44.49573,43.657,44.2481956,43.8213463,43.8213463,95.98399,74.89087,0.671684265,0.64591,0,0,0,0,0,0,0,0,0,5.6,5.450737,6,5.3751545,5.428571,5.450177,5.5333333,5.49025249,5.3,5.45171976,5.83333349,5.59682035,5.66666651,5.606954,5.477778,5.520904,1e-7,9.003596,-0.115300655,-0.191604719,false,[object Object],
23-02-2015,45.19,45.58,44.41,45.57,69000,45.340004,45.3711929,45.4000053,45.4263649,45.3585854,45.3118935,45.0846672,44.96872,45.301,45.1997147,44.10499,44.3657837,43.6428375,44.17593,43.78976,43.78976,73.0769348,67.85983,0.6161308,0.647931,0,0,0,0,0,0,0,0,0,5.6,5.6761055,6,5.75030851,5.428571,5.60023642,5.5333333,5.56028843,5.3,5.552102,5.83333349,5.63798046,5.66666651,5.62752867,5.477778,5.53261,1e-7,12.0047951,-0.0773177147,-0.19851011,false,[object Object],
22-02-2015,0,0,0,0,0,0,45.27179,0,45.28273,0,45.2258568,0,44.88282,0,45.1174278,0,44.2827339,0,44.1286736,0,43.7675056,0,66.1208,0.618736267,0.656124532,8,8,8,5,1,8,8,8,8,5.6,6.01415825,6,6.500617,5.428571,5.80031538,5.5333333,5.64032936,5.3,5.67479134,5.83333349,5.681979,5.66666651,5.648801,5.477778,5.54457855,60.0000038,16.0063934,-0.027712822,-0.204436466,false,[object Object],
21-02-2015,0,0,0,0,0,0,45.27179,0,45.28273,0,45.2258568,0,44.88282,0,45.1174278,0,44.2827339,0,44.1286736,0,43.7675056,0,66.1208,0.618736267,0.6640286,0,0,0,0,0,0,0,0,0,5,5.02123737,5,5.001234,5,5.067087,5.33333349,5.30323362,5,5.158078,5.733333,5.52211571,5.616667,5.56909943,5.44444466,5.48940039,1e-7,1.34185791,-0.2694502,-0.209026977,true,[object Object],
20-02-2015,45.4,45.4,44.59,45.21,100700,45.3340034,45.27179,45.3133354,45.28273,45.2685852,45.2258568,44.9306679,44.88282,45.197998,45.1174278,43.9613228,44.2827339,43.65417,44.1286736,43.7675056,43.7675056,62.97375,66.1208,0.618736267,0.669512033,0,0,0,0,0,0,0,0,0,5,5.031856,5,5.00246763,5,5.08944941,5.33333349,5.346553,5,5.193207,5.733333,5.55812359,5.55,5.588391,5.44444466,5.500398,1e-7,1.78914392,-0.268620968,-0.177906349,true,[object Object],
19-02-2015,45.05,45.59,44.84,45.42,81100,45.3460045,45.3026848,45.30667,45.35546,45.33716,45.231144,44.86467,44.83608,45.111,45.0968552,43.77666,44.2187843,43.6691742,44.09202,43.7492447,43.7492447,69.09617,67.16981,0.6497154,0.6738807,0,0,0,0,0,0,0,0,0,5,5.04778433,5,5.00493526,5,5.119266,5.33333349,5.39606047,5.5,5.23614168,5.733333,5.596615,5.5666666,5.60833645,5.44444466,5.511643,1e-7,2.38552523,-0.263655663,-0.135597438,false,[object Object],
18-02-2015,44.93,45.47,44.67,45.31,67200,45.2500076,45.24403,45.3466759,45.2909241,45.2585869,45.1681938,44.7540054,44.7526627,45.019,45.0250435,43.5589943,44.13594,43.67734,44.047,43.7278252,43.7278252,65.88927,66.52769,0.658420563,0.676054239,0,0,0,0,0,0,0,0,0,5,5.07167673,5,5.009871,5,5.15902138,5.33333349,5.45264053,5.5,5.28861761,5.733333,5.63776064,5.5666666,5.628958,5.44444466,5.52314043,1e-7,3.1807003,-0.253482819,-0.07962354,false,[object Object],
17-02-2015,45.52,45.76,44.96,45.19,65500,45.3260078,45.2110443,45.3333435,45.271843,45.14859,45.1209259,44.70134,44.6730423,45.0170021,44.96172,43.32566,44.05497,43.67784,44.00419,43.70728,43.70728,62.3906479,66.74049,0.671157837,0.669285655,0,0,0,0,0,0,0,0,0,5,5.10751534,5,5.019742,5,5.2120285,5.6,5.51730347,5.5,5.35275459,5.9,5.681744,5.5666666,5.650279,5.44444466,5.53489637,1e-7,4.240934,-0.236812115,-0.06358804,true,[object Object],
16-02-2015,0,0,0,0,0,0,45.2215652,0,45.3536835,0,45.0979,0,44.59919,0,44.91099,0,43.9766922,0,43.9639931,0,43.68777,0,68.1904449,0.689872742,0.6592339,0,0,0,0,0,0,0,0,0,5,5.161273,5,5.039484,5.714286,5.28270435,5.9333334,5.59120369,5.5,5.431144,5.9,5.72876072,5.55,5.67232227,5.44444466,5.54691648,1e-7,5.65457869,-0.212089539,-0.0421959572,true,[object Object],
15-02-2015,0,0,0,0,0,0,45.2215652,0,45.3536835,0,45.0979,0,44.59919,0,44.91099,0,43.9766922,0,43.9639931,0,43.68777,0,68.1904449,0.689872742,0.6471028,0,0,0,0,0,0,0,0,0,5,5.2419095,5,5.078968,5.714286,5.376939,5.9333334,5.675661,5.5,5.526954,5.9,5.77902,5.516667,5.69511271,5.44444466,5.559207,1e-7,7.53943825,-0.177449226,-0.0142780943,true,[object Object],
14-02-2015,0,0,0,0,0,0,45.2215652,0,45.3536835,0,45.0979,0,44.59919,0,44.91099,0,43.9766922,0,43.9639931,0,43.68777,0,68.1904449,0.689872742,0.6349716,0,0,0,0,0,0,0,0,0,6,5.36286449,5,5.157936,5.714286,5.502585,5.9333334,5.772184,5.5,5.64405537,6.0666666,5.83274555,5.58333349,5.71867561,5.44444466,5.57177353,1e-7,10.0525846,-0.130654812,0.0215628948,true,[object Object],
13-02-2015,45.3,46.21,44.84,45.54,94600,45.2620049,45.2215652,45.25001,45.3536835,45.02716,45.0979,44.68601,44.59919,44.957,44.91099,43.19466,43.9766922,43.6815071,43.9639931,43.68777,43.68777,72.5947952,68.1904449,0.689872742,0.6232516,0,0,0,0,0,0,0,0,0,6,5.54429674,5,5.315872,5.714286,5.670113,6.266667,5.882496,5.5,5.78717852,6.0666666,5.8901763,5.66666651,5.7430377,5.44444466,5.58462238,1e-7,13.4034462,-0.0690274239,0.06699541,false,[object Object],
12-02-2015,45.6,46.24,45.18,45.27,152400,45.0620041,45.0623474,45.3000069,45.167366,44.87859,44.95053,44.61601,44.46479,44.729,44.77121,43.0889931,43.8688774,43.6700058,43.91057,43.6630745,43.6630745,64.72306,66.72233,0.668087,0.613374054,0,0,0,0,0,0,0,0,0,6,5.816445,6.66666651,5.63174438,5.714286,5.893484,6.4666667,6.008567,5.9,5.962107,6.0666666,5.95156765,5.66666651,5.768225,5.45555544,5.59775972,1e-7,17.8712616,0.010635376,0.124009289,true,[object Object],
11-02-2015,45.66,46.48,44.67,44.94,86500,44.876,44.95852,45.16667,45.0647354,44.8814468,44.8440437,44.58934,44.34976,44.624,44.6603661,42.9799919,43.7722473,43.65934,43.8644867,43.6413574,43.6413574,60.20668,67.38875,0.658054352,0.6054878,0,0,0,0,0,0,0,0,0,6,6.224667,6.66666651,6.26348925,5.714286,6.19131231,6.4666667,6.152648,6.4,6.17590857,6.0666666,6.017193,5.66666651,5.7942667,5.51111126,5.6111927,1e-7,23.8283482,0.112159252,0.194975957,true,[object Object],
10-02-2015,45.28,45.85,44.42,45.69,117800,44.788002,44.9677773,45.03334,45.1894722,44.8314476,44.8120575,44.4600067,44.2654381,44.5060043,44.5982246,42.88633,43.69171,43.6446724,43.82803,43.62357,43.62357,79.99998,69.78277,0.6692772,0.5882657,10,10,10,5,1,10,10,10,10,6,6.837001,6.66666651,7.52697849,5.714286,6.58841658,6.4666667,6.31731224,6.4,6.43722153,6.0666666,6.087344,5.66666651,5.821191,5.51111126,5.62492752,100,31.7711315,0.240109444,0.237466708,true,[object Object],
09-02-2015,44.32,45.41,44.22,44.87,95900,44.708,44.6066666,44.58334,44.6889458,44.4843063,44.519413,44.2820053,44.0619278,44.389,44.3556061,42.765,43.5538979,43.63001,43.76491,43.5948677,43.5948677,60.3491058,66.37703,0.597503662,0.5635639,0,0,0,0,0,0,0,0,0,5,5.255501,5,5.05395651,5.571429,5.451222,6.133333,5.791214,5.9,5.645493,5.9,5.817506,5.58333349,5.67953634,5.51111126,5.52661133,1e-7,9.028175,-0.109163284,0.231680661,false,[object Object],
08-02-2015,0,0,0,0,0,0,44.4750023,0,44.5078926,0,44.40255,0,43.9464874,0,44.2413,0,43.46313,0,43.72745,0,43.57691,0,68.38634,0.5806923,0.546836853,0,0,0,0,0,0,0,0,0,5,5.383251,5,5.107913,6.285714,5.60162926,6.133333,5.90424442,6.4,5.788936,5.9,5.87388563,5.58333349,5.70257139,5.51111126,5.53844547,1e-7,12.0375671,-0.04428339,0.277491361,true,[object Object],
07-02-2015,0,0,0,0,0,0,44.4750023,0,44.5078926,0,44.40255,0,43.9464874,0,44.2413,0,43.46313,0,43.72745,0,43.57691,0,68.38634,0.5806923,0.5319778,0,0,0,0,0,0,0,0,0,5.8,5.574877,5,5.21582556,6.285714,5.80217266,6.133333,6.033422,6.7,5.96425533,5.9,5.93415356,5.58333349,5.7263875,5.51111126,5.550545,1e-7,16.0500889,0.03917122,0.331926227,true,[object Object],
06-02-2015,44.49,44.77,44.01,44.54,156700,44.652,44.4750023,44.4600067,44.5078926,44.39145,44.40255,44.12401,43.9464874,44.3980026,44.2413,42.65533,43.46313,43.6311722,43.72745,43.57691,43.57691,63.14782,68.38634,0.5806923,0.5234879,0,0,0,0,0,0,0,0,0,6.8,5.862315,5,5.431651,6.285714,6.069564,6.133333,6.18105364,6.7,6.17853451,5.9,5.998578,5.58333349,5.751011,5.51111126,5.562917,1e-7,21.4001179,0.145119667,0.340011239,false,[object Object],
05-02-2015,44.78,44.78,43.99,44.34,138400,44.396,44.4425049,44.7100067,44.4757843,44.28002,44.3567352,43.9380074,43.861702,44.3929977,44.17492,42.55266,43.3888626,43.62917,43.6999054,43.56315,43.56315,59.3090363,70.132515,0.584392548,0.5114517,0,0,0,0,0,0,0,0,0,6.8,6.293473,6.33333349,5.86330271,7,6.42608547,6.133333,6.349776,6.7,6.440431,6.0666666,6.06744528,5.58333349,5.77646875,5.51111126,5.57556725,1e-7,28.5334911,0.27823782,0.3114456,true,[object Object],
04-02-2015,44.91,45.24,44.15,44.5,115700,44.372,44.4937553,44.79334,44.6115646,44.3057327,44.3623123,43.78801,43.7933731,44.446,44.1382332,42.4456635,43.32327,43.62317,43.6782074,43.5518875,43.5518875,62.38005,73.74034,0.600975037,0.498918742,0,0,0,0,0,0,0,0,0,6.8,6.940209,8,6.72660542,7.428571,6.9014473,6.133333,6.542601,6.7,6.760527,6.0666666,6.14106226,5.58333349,5.80278969,5.51111126,5.58850145,1e-7,38.0446548,0.444097519,0.27045536,true,[object Object],
03-02-2015,44.47,46.46,44.47,45.29,263600,44.224,44.49063,44.3800049,44.7231255,44.37145,44.3164139,43.6266747,43.69243,44.2959976,44.05784,42.3149948,43.242115,43.61167,43.65035,43.5379448,43.5379448,77.54322,77.52711,0.597110748,0.4750735,9,9,9,5,1,9,9,9,9,7.8,7.910313,8,8.453211,7.428571,7.535263,6.133333,6.762973,6.7,7.15175533,6.0666666,6.219756,5.58333349,5.830003,5.51111126,5.601726,80,50.7262077,0.6493354,0.214203045,true,[object Object],
02-02-2015,43.52,44.6,43.1,44.59,117500,44.07,44.0909462,44.0233421,44.15625,44.25716,43.9918823,43.3646774,43.4642029,44.0689964,43.7840233,42.25633,43.1008835,43.58067,43.59477,43.511795,43.511795,82.65308,77.5217361,0.5030556,0.433968872,10,10,10,5,1,10,10,10,10,7.6,7.36546946,6.66666651,7.90642166,6.857143,7.04701757,6.2,6.44339752,6.3,6.74103451,5.9333334,6.028015,5.516667,5.722545,5.4666667,5.52536058,100,40.968277,0.494575977,0.139288962,true,[object Object],
01-02-2015,0,0,0,0,0,0,43.84142,0,43.7225037,0,43.79251,0,43.3033752,0,43.6049156,0,42.9981842,0,43.56103,0,43.4954567,0,75.81129,0.446960449,0.4033148,0,0,0,0,0,0,0,0,0,6.6,6.048204,6.66666651,5.81284332,6.142857,6.06269026,5.866667,5.93531132,5.8,6.01682,5.766667,5.754085,5.4333334,5.5775466,5.411111,5.424807,1e-7,21.2910366,0.188035011,0.08689785,true,[object Object],
31-01-2015,0,0,0,0,0,0,43.84142,0,43.7225037,0,43.79251,0,43.3033752,0,43.6049156,0,42.9981842,0,43.56103,0,43.4954567,0,75.81129,0.446960449,0.378893524,0,0,0,0,0,0,0,0,0,6.6,6.572306,7.66666651,6.62568665,6.142857,6.41692,5.866667,6.06892729,5.8,6.24278,5.766667,5.806091,5.4333334,5.59712458,5.411111,5.43435335,1e-7,28.3880482,0.303133,0.07532941,true,[object Object],
30-01-2015,43.82,44.49,43.05,43.26,142600,44.1440048,43.84142,43.7466736,43.7225037,44.2971573,43.79251,43.1253433,43.3033752,43.8599968,43.6049156,42.2376633,42.9981842,43.5623322,43.56103,43.4954567,43.4954567,55.5101738,75.81129,0.446960449,0.336844981,10,10,10,5,1,10,10,10,10,6.6,7.35845947,7.66666651,8.251373,6.142857,6.889227,6.2,6.221631,5.8,6.518954,5.766667,5.86168337,5.4333334,5.61736631,5.411111,5.444114,100,37.85073,0.44563055,0.059468165,false,[object Object],
29-01-2015,43.55,44.5,43.41,44.22,115400,44.390007,44.13213,44.1666756,44.1850128,44.2600136,43.9700165,42.99201,43.3095741,43.7089958,43.6815643,42.19466,42.98013,43.568,43.5712357,43.49908,43.49908,77.4908142,82.57832,0.5042839,0.267887533,8,8,8,5,1,8,8,8,8,5.6,6.03768873,6,6.502747,5.428571,5.85230255,5.866667,5.681864,5.3,5.745388,5.6,5.576282,5.35,5.46880245,5.35555553,5.341735,60.0000038,17.134306,0.111936092,0.0383584239,true,[object Object],
28-01-2015,44.76,45.17,43.68,43.76,142200,44.5200043,44.088192,44.4133453,44.1500244,44.0885849,43.88669,42.68867,43.179512,43.4959946,43.5619125,42.1533279,42.8946228,43.5626678,43.5492439,43.4878159,43.4878159,73.91303,84.2741547,0.472366333,0.179651469,0,0,0,0,0,0,0,0,0,5,5.05653334,5,5.005494,5,5.136403,5.66666651,5.35070133,5.5,5.24436331,5.5,5.409129,5.3,5.382999,5.322222,5.28199863,1e-7,2.845739,-0.1119709,0.0674224943,true,[object Object],
27-01-2015,44.46,45.18,43.81,44.52,118400,44.3680038,44.25229,44.65668,44.5400543,43.90858,43.92892,42.364006,43.0965843,43.3279953,43.5178947,42.15433,42.83494,43.56017,43.5421,43.4834938,43.4834938,87.31037,87.72786,0.471595764,0.0787273,0,0,0,0,0,0,0,0,0,5,5.0848,5,5.01098871,5,5.18187046,5.66666651,5.40080166,5.5,5.298666,5.5,5.437345,5.3,5.395982,5.322222,5.288336,1e-7,3.79431868,-0.0906744,0.1374775,false,[object Object],
26-01-2015,44.34,45.44,44.14,44.96,123200,44.0680046,44.11843,44.7733459,44.5601044,43.51287,43.7318954,41.9500046,42.8932381,43.0119972,43.2952042,42.16733,42.71873,43.524498,43.50895,43.4667778,43.4667778,93.69251,87.86702,0.3863678,-0.0221112575,0,0,0,0,0,0,0,0,0,5,5.12719965,5,5.02197742,5,5.242494,5.66666651,5.45805931,5.5,5.365036,5.5,5.467507,5.3,5.40940475,5.322222,5.294815,1e-7,5.05909157,-0.0621733665,0.168327808,false,[object Object],
25-01-2015,0,0,0,0,0,0,43.6976471,0,44.1602058,0,43.32253,0,42.59799,0,42.92525,0,42.56416,0,43.4597626,0,43.4423,0,85.92519,0.227169037,-0.113480039,0,0,0,0,0,0,0,0,0,5,5.190799,5,5.043955,5.714286,5.32332563,5.66666651,5.52349663,6,5.446155,5.5,5.49974871,5.3,5.423283,5.322222,5.30144024,1e-7,6.74545527,-0.0248913765,0.205255613,true,[object Object],
24-01-2015,0,0,0,0,0,0,43.6976471,0,44.1602058,0,43.32253,0,42.59799,0,42.92525,0,42.56416,0,43.4597626,0,43.4423,0,85.92519,0.227169037,-0.187160075,0,0,0,0,0,0,0,0,0,5,5.28619862,5,5.0879097,5.714286,5.431101,5.66666651,5.598282,6,5.54530048,5.5,5.534214,5.3,5.43763161,5.322222,5.308214,1e-7,8.99394,0.02305603,0.249403372,true,[object Object],
23-01-2015,44.8,44.91,44,44.49,123700,43.5760078,43.6976471,44.1200142,44.1602058,43.10287,43.32253,41.7033348,42.59799,42.6159973,42.92525,42.18433,42.56416,43.4810028,43.4597626,43.4423,43.4423,92.50004,85.92519,0.227169037,-0.274974,0,0,0,0,0,0,0,0,0,6,5.429298,5,5.1758194,5.714286,5.57480145,5.66666651,5.68375063,6,5.666478,5.5,5.57105637,5.3,5.45246649,5.322222,5.31514025,1e-7,11.99192,0.08391905,0.245558634,true,[object Object],
22-01-2015,43.31,45.03,42.61,44.87,246600,43.0280075,43.3014679,43.6300163,43.83041,42.7585869,42.9333725,41.5620041,42.3277,42.293,42.57753,42.23133,42.4313431,43.42484,43.42484,43.42484,43.42484,97.77778,83.73358,0.06852341,-0.371432841,0,0,0,0,0,0,0,0,0,6,5.643947,5,5.351639,6.428571,5.76640224,5.66666651,5.78142929,6,5.81458426,5.5,5.61044,5.3,5.46780443,5.322222,5.322222,1e-7,15.9892273,0.1603818,0.23707962,false,[object Object],
21-01-2015,42.72,43.5,42.63,43,191000,42.4720078,42.5172,42.8400154,42.79082,42.25716,42.28783,41.37067,41.9645157,41.773,42.0680923,42.223,42.26316,43.40034,43.40034,43.40034,43.40034,90.861145,79.0521851,-0.173656464,-0.4641092,0,0,0,0,0,0,0,0,0,6,5.96592045,6.66666651,5.70327759,6.428571,6.02186966,6,5.893062,6,5.995603,5.366667,5.65253925,5.3,5.483662,5.325843,5.325843,1e-7,21.31897,0.2556429,0.2228089,false,[object Object],
20-01-2015,42.62,43.52,42.45,43.02,210300,42.2880058,42.2758026,42.42335,42.5816422,41.9714432,42.05044,41.31267,41.81659,41.362,41.8610039,42.32533,42.2123451,43.40724,43.40724,43.40724,43.40724,91.2126541,75.11586,-0.2898407,-0.546197653,0,0,0,0,0,0,0,0,0,7,6.44888067,6.66666651,6.406555,6.428571,6.362493,6,6.02064228,6,6.21684837,5.4,5.697542,5.3,5.5000577,5.3295455,5.3295455,1e-7,28.425293,0.373512745,0.201353386,false,[object Object],
19-01-2015,0,0,0,0,0,0,41.9037,0,42.1432877,0,41.7272568,0,41.6446724,0,41.603447,0,42.1566429,0,43.4140358,0,43.4140358,0,69.75026,-0.435951233,-0.626588166,10,10,10,0,1,10,10,10,10,7,7.17332125,6.66666651,7.81311035,6.428571,6.81665754,6,6.16644859,6,6.487259,5.4,5.74564838,5.3,5.517009,5.33333349,5.33333349,100,37.90039,0.51852417,0.171039522,false,[object Object],
18-01-2015,0,0,0,0,0,0,41.9037,0,42.1432877,0,41.7272568,0,41.6446724,0,41.603447,0,42.1566429,0,43.4140358,0,43.4140358,0,69.75026,-0.435951233,-0.690744162,0,0,0,0,0,0,0,0,0,6,5.75998163,6.66666651,5.6262207,5.714286,5.755543,5.66666651,5.61879826,5.5,5.70665,5.233333,5.45224476,5.2166667,5.365043,5.27907,5.27907,1e-7,17.2005215,0.18697834,0.129860193,true,[object Object],
17-01-2015,0,0,0,0,0,0,41.9037,0,42.1432877,0,41.7272568,0,41.6446724,0,41.603447,0,42.1566429,0,43.4140358,0,43.4140358,0,69.75026,-0.435951233,-0.7549002,0,0,0,0,0,0,0,0,0,6,6.139972,6.66666651,6.25244141,5.714286,6.007391,5.66666651,5.707198,5.5,5.863683,5.2,5.483434,5.2166667,5.37741756,5.282353,5.282353,1e-7,22.9340286,0.2701769,0.131977245,true,[object Object],
16-01-2015,41.62,42.65,41.25,42.5,185100,41.9560051,41.9037,42.1133461,42.1432877,41.7200127,41.7272568,41.248,41.6446724,40.891,41.603447,42.42833,42.1566429,43.4140358,43.4140358,43.4140358,43.4140358,90.1544647,69.75026,-0.435951233,-0.827654958,10,10,10,1,2,10,10,10,10,6,6.709958,6.66666651,7.504883,5.714286,6.343188,5.66666651,5.80822659,6,6.055613,5.133333,5.51677465,5.2166667,5.39021158,5.285714,5.285714,100,30.5787048,0.372438431,0.132759735,true,[object Object],
15-01-2015,42.02,42.62,41.55,41.75,428700,41.6560059,41.6055527,41.9733467,41.78658,41.3157272,41.469677,41.18667,41.5224838,40.7670021,41.404213,42.57133,42.13296,43.43036,43.43036,43.43036,43.43036,75.67569,62.9488525,-0.5631561,-0.912563741,0,0,0,0,0,0,0,0,0,5,5.064937,5,5.00976563,5,5.12425041,5.33333349,5.209402,5.5,5.17908239,5.1,5.207587,5.133333,5.23394775,5.22891569,5.22891569,1e-7,7.438275,-0.0115466118,0.131827459,true,[object Object],
14-01-2015,41.55,42.35,41.5,42.09,176000,41.5580063,41.53333,41.84335,41.82316,40.9071541,41.376236,41.16734,41.4899826,40.8290024,41.32737,42.6976662,42.1593742,43.46091,43.46091,43.46091,43.46091,82.23941,58.7065735,-0.6409607,-0.9789242,0,0,0,0,0,0,0,0,0,5,5.097406,5,5.019531,5,5.16566753,5.33333349,5.23931646,5.5,5.21887875,5.266667,5.22190332,5.133333,5.241878,5.231707,5.231707,1e-7,9.9177,0.007607937,0.128720075,false,[object Object],
13-01-2015,41.77,42.35,41.4,42.08,323200,41.0740051,41.2549934,41.4800148,41.5563126,40.3671532,41.1383133,41.1033363,41.4042664,40.82,41.1578941,42.7759972,42.1641579,43.4862976,43.4862976,43.4862976,43.4862976,82.04639,50.8622932,-0.765563965,-1.02030516,0,0,0,0,0,0,0,0,0,5,5.14610863,5,5.03906155,5.714286,5.22089,5.33333349,5.27350473,5.5,5.26751852,5.266667,5.237207,5.15,5.25007725,5.234568,5.234568,1e-7,13.2235994,0.03194523,0.122881569,false,[object Object],
12-01-2015,40.91,41.67,40.54,41.36,180700,40.4360046,40.84249,41.20668,41.0326271,40.2500076,40.8244171,41.0033379,41.30773,40.825,40.95298,42.8809967,42.16996,43.51283,43.51283,43.51283,43.51283,63.26165,40.4675941,-0.9124527,-1.01879334,0,0,0,0,0,0,0,0,0,5,5.219163,5,5.078123,5.714286,5.29452038,5.33333349,5.312577,5.5,5.32696724,5.266667,5.25356627,5.233333,5.25855446,5.2375,5.2375,1e-7,17.6314659,0.06254339,0.113642216,false,[object Object],
11-01-2015,0,0,0,0,0,0,40.5837364,0,40.7052536,0,40.64589,0,41.3002625,0,40.86253,0,42.22582,0,43.5542259,0,43.5542259,0,32.8695755,-1.01335526,-1.00096047,0,0,0,0,0,0,0,0,0,6,5.32874441,5,5.15624666,5.714286,5.392694,5.33333349,5.35723066,5.5,5.39962673,5.266667,5.271054,5.233333,5.267319,5.240506,5.240506,1e-7,23.5086212,0.100687981,0.100196518,true,[object Object],
10-01-2015,0,0,0,0,0,0,40.5837364,0,40.7052536,0,40.64589,0,41.3002625,0,40.86253,0,42.22582,0,43.5542259,0,43.5542259,0,32.8695755,-1.01335526,-0.9719162,0,0,0,0,0,0,0,0,0,6,5.493117,5,5.31249332,5.714286,5.523592,5.33333349,5.40826368,5.5,5.48843241,5.266667,5.289747,5.3166666,5.276381,5.24359,5.24359,1e-7,31.34483,0.147910118,0.08157757,true,[object Object],
09-01-2015,41.3,41.59,40.92,41,159500,39.826004,40.5837364,40.6433449,40.7052536,40.39429,40.64589,41.1480064,41.3002625,40.894,40.86253,43.0296631,42.22582,43.5542259,43.5542259,43.5542259,43.5542259,46.2773552,32.8695755,-1.01335526,-0.937954366,0,0,0,0,0,0,0,0,0,6,5.739675,6.66666651,5.62498665,5.714286,5.698123,5.33333349,5.466587,5.5,5.596973,5.266667,5.30972958,5.3166666,5.28575,5.246753,5.246753,1e-7,41.7931061,0.2060318,0.05662648,true,[object Object],
08-01-2015,40.07,41.74,40.02,41.26,257900,39.8780022,40.3756027,39.9400139,40.4105072,40.5371475,40.52785,41.35001,41.3431549,40.952,40.83198,43.1806641,42.3103561,43.60431,43.60431,43.60431,43.60431,50.07295,28.4003181,-1.090744,-0.903992534,0,0,0,0,0,0,0,0,0,6,6.10951233,6.66666651,6.2499733,5.714286,5.930831,5.33333349,5.533242,5.5,5.729634,5.266667,5.33109045,5.3166666,5.29543638,5.25,5.25,1e-7,55.724144,0.2772193,0.02395614,false,[object Object],
07-01-2015,39.28,39.73,39,39.67,413000,40.1000023,39.933403,38.95668,39.5610161,40.6614342,40.283802,41.39734,41.3550339,40.9719963,40.736866,43.3469963,42.3827934,43.6511955,43.6511955,43.6511955,43.6511955,26.8612652,21.17611,-1.20013046,-0.8665695,10,10,10,1,2,10,10,10,10,6,6.66426849,6.66666651,7.499946,5.714286,6.241108,5.33333349,5.60942,5.5,5.89177465,5.266667,5.35392427,5.3166666,5.30545139,5.25333357,5.25333357,100,74.29886,0.364048,-0.0180916265,true,[object Object],
06-01-2015,38.55,39.4,38.19,38.89,345100,40.566,40.0651054,39.48668,39.452034,41.0014343,40.4884033,41.6180038,41.5957527,41.118,40.9739456,43.56166,42.56988,43.73245,43.73245,43.73245,43.73245,15.4744205,19.2810574,-1.16040039,-0.8181449,0,0,0,0,0,0,0,0,0,5,4.99640274,5,4.999892,5,4.988144,4.733333,4.982194,5,4.97883558,5.1,5.03350544,5.233333,5.146314,5.189189,5.189189,100,65.73181,-0.03951311,-0.0714967549,false,[object Object],
05-01-2015,40.85,40.99,37.83,38.31,599800,41.2140045,40.6526566,40.64668,40.01407,41.38572,41.0212059,41.9446678,41.98229,41.287,41.4370461,43.7956619,42.8236656,43.8333321,43.8333321,43.8333321,43.8333321,7.007294,20.5499363,-1.01338959,-0.7758416,0,0,0,0,0,0,0,0,0,5,4.994604,5,4.999785,5,4.984192,4.8,4.9796505,5,4.97413254,5.1,5.035816,5.233333,5.15127373,5.191781,5.191781,57.14286,54.30908,-0.0449385643,-0.08205552,true,[object Object],
04-01-2015,0,0,0,0,0,0,41.8239861,0,41.71814,0,41.924942,0,42.5069,0,42.1319427,0,43.1349525,0,43.95085,0,43.95085,0,25.06415,-0.75195694,-0.749872863,0,0,0,0,0,0,0,0,0,5,4.991906,5,4.99957,5,4.978923,4.8,4.976743,5,4.96838427,5.1,5.038286,5.233333,5.15640163,5.19444466,5.19444466,57.14286,53.3644829,-0.0512089729,-0.09433874,true,[object Object],
03-01-2015,0,0,0,0,0,0,41.8239861,0,41.71814,0,41.924942,0,42.5069,0,42.1319427,0,43.1349525,0,43.95085,0,43.95085,0,25.06415,-0.75195694,-0.752952158,0,0,0,0,0,0,0,0,0,5,4.98785925,5,4.99914,5,4.971897,4.8,4.97342062,5,4.96135855,5.1,5.04092646,5.233333,5.16170359,5.197183,5.197183,57.14286,52.1050224,-0.058467865,-0.108644485,true,[object Object],
02-01-2015,42.51,42.78,40.94,41.26,178000,41.9620056,41.8239861,41.87668,41.71814,41.83572,41.924942,42.3846664,42.5069,41.809,42.1319427,44.02999,43.1349525,43.95085,43.95085,43.95085,43.95085,20.5546188,25.06415,-0.75195694,-0.7560446,0,0,0,0,0,0,0,0,0,5,4.981789,5,4.99827957,5,4.96252966,4.733333,4.96962357,5,4.95277166,5.1,5.043749,5.233333,5.167185,5.2,5.2,57.14286,50.4257431,-0.06688261,-0.1253235,true,[object Object],
01-01-2015,0,0,0,0,0,0,42.10598,0,42.1762772,0,42.14659,0,42.6850281,0,42.3257065,0,43.26426,0,44.009346,0,44.009346,0,26.5673275,-0.7076988,-0.759137034,0,0,0,0,0,0,0,0,0,5,4.97268343,5,4.996559,5,4.95003939,4.6,4.965284,4.6,4.94227648,5.1,5.046766,5.233333,5.172852,5.2028985,5.2028985,57.14286,48.1867065,-0.0766496658,-0.144789115,true,[object Object],
31-12-2014,42.05,43.01,41.89,42.37,201200,42.02601,42.10598,42.1666832,42.1762772,41.8171463,42.14659,42.6653328,42.6850281,42.086,42.3257065,44.1683273,43.26426,44.009346,44.009346,44.009346,44.009346,32.1138039,26.5673275,-0.7076988,-0.7605866,0,0,0,0,0,0,0,0,0,5,4.959025,5,4.99311829,5,4.933386,4.866667,4.96032429,4.7,4.929449,5.1,5.049991,5.233333,5.17871141,5.20588255,5.20588255,50,45.2013245,-0.08800125,-0.167528316,false,[object Object],
30-12-2014,42.06,42.2,41.84,42,150200,41.84401,41.97397,42.0600166,41.98255,41.56143,42.0721245,42.90067,42.73003,42.0459976,42.3158646,44.25099,43.32593,44.0457764,44.0457764,44.0457764,44.0457764,27.1002674,24.718502,-0.753936768,-0.7511402,0,0,0,0,0,0,0,0,0,5,4.938537,5,4.98623657,5,4.91118145,5.2,4.954656,4.7,4.913771,5.1,5.05343866,5.233333,5.18476963,5.20895529,5.20895529,44.4444466,43.60177,-0.101210594,-0.148862466,true,[object Object],
29-12-2014,42.05,42.4,41.82,42.13,220400,41.67001,41.9609528,41.9200172,41.965107,41.7800026,42.0961647,43.0753326,42.83432,42.144,42.386055,44.33866,43.4173737,44.09227,44.09227,44.09227,44.09227,28.8618,23.92458,-0.7643089,-0.7179091,0,0,0,0,0,0,0,0,0,5,4.907806,5,4.972473,4.428571,4.881575,5.2,4.94817829,4.7,4.894609,5.1,5.057124,5.233333,5.191033,5.212121,5.212121,44.4444466,43.3208771,-0.116598129,-0.1341859,false,[object Object],
28-12-2014,0,0,0,0,0,0,41.8764267,0,41.8002129,0,42.0848846,0,42.9349365,0,42.442955,0,43.5061569,0,44.1379051,0,44.1379051,0,22.27884,-0.7796707,-0.6835255,0,0,0,0,0,0,0,0,0,5,4.861709,5,4.94494629,4.571429,4.8421,5.2,4.940775,4.6,4.87118864,5.1,5.061064,5.233333,5.197509,5.21538448,5.21538448,44.4444466,42.9463539,-0.134541988,-0.113501444,true,[object Object],
27-12-2014,0,0,0,0,0,0,41.8764267,0,41.8002129,0,42.0848846,0,42.9349365,0,42.442955,0,43.5061569,0,44.1379051,0,44.1379051,0,22.27884,-0.7796707,-0.647435069,0,0,0,0,0,0,0,0,0,4.2,4.792564,5,4.88989258,4.571429,4.789467,5.2,4.932314,4.4,4.84256363,5.1,5.065275,5.233333,5.204204,5.21875,5.21875,44.4444466,42.44699,-0.155487537,-0.08544959,true,[object Object],
26-12-2014,41.62,42.07,41.55,42.05,172000,41.36001,41.8764267,41.6966858,41.8002129,42.05143,42.0848846,43.338,42.9349365,42.31,42.442955,44.4029961,43.5061569,44.1379051,44.1379051,44.1379051,44.1379051,27.7777634,22.27884,-0.7796707,-0.580587149,0,0,0,0,0,0,0,0,0,4.4,4.688846,5,4.779785,4.571429,4.719289,5.2,4.92264462,4.8,4.80757761,5.1,5.069777,5.233333,5.21112633,5.22222233,5.22222233,44.4444466,41.78117,-0.179960728,-0.0370892435,false,[object Object],
25-12-2014,0,0,0,0,0,0,41.78964,0,41.5504265,0,42.09651,0,43.0613556,0,42.5302773,0,43.6065826,0,44.1876144,0,44.1876144,0,20.4458656,-0.779789,-0.5075671,0,0,0,0,0,0,0,0,0,4.4,4.533269,3.66666675,4.55957031,4.428571,4.625718,5.2,4.911594,5.3,4.764817,5.1,5.07458925,5.233333,5.218283,5.225806,5.225806,44.4444466,40.89341,-0.208579063,0.04780192,true,[object Object],
24-12-2014,41.59,41.72,41.36,41.58,92500,41.65601,41.78964,41.39002,41.5504265,42.0400047,42.09651,43.6086655,43.0613556,42.596,42.5302773,44.4949951,43.6065826,44.1876144,44.1876144,44.1876144,44.1876144,21.409235,20.4458656,-0.779789,-0.432114929,0,0,0,0,0,0,0,0,0,4.4,4.29990339,4,4.11914063,4.142857,4.50095749,5.2,4.89896441,5.3,4.71255445,5.1,5.07973337,5.233333,5.22568274,5.2295084,5.2295084,44.4444466,39.7097321,-0.242073059,0.110206075,true,[object Object],
23-12-2014,41.13,41.99,40.9,41.46,264700,42.1460075,41.89446,41.0566826,41.52085,42.24,42.2686844,43.9559975,43.2729759,42.9850044,42.7414474,44.6069946,43.7463455,44.2512169,44.2512169,44.2512169,44.2512169,19.7831821,20.1247425,-0.7207451,-0.330107361,1,1,1,0,1,1,1,1,1,4.2,3.94985533,4,3.23828125,4.714286,4.33461,5.2,4.88453054,5.3,4.648678,5.1,5.08523226,5.233333,5.233333,5.233333,5.233333,1e-7,38.1314926,-0.281302452,0.13168785,false,[object Object],
22-12-2014,40.47,41.16,40,41.13,381200,42.24801,42.1116867,41.746685,41.5817032,42.5728645,42.5382462,44.227993,43.53197,43.4290047,43.0262146,44.7056656,43.904026,44.321,44.321,44.321,44.321,15.3116655,20.238596,-0.622680664,-0.2124159,6,8,3,10,17,6,6,6,6,4.6,5.424783,5.33333349,5.4765625,6,5.446147,5.4666667,5.43946362,5.7,5.459495,5.233333,5.36697245,5.30508471,5.30508471,5.30508471,5.30508471,50,50.8419876,0.07999134,0.157190964,true,[object Object],
21-12-2014,0,0,0,0,0,0,42.6025276,0,42.03341,0,43.00766,0,43.87511,0,43.4475937,0,44.0953369,0,44.40282,0,44.40282,0,21.8809071,-0.454856873,-0.105620489,0,0,0,0,0,0,0,0,0,5.2,5.137175,4.66666651,4.953125,5.857143,5.26152945,5.4,5.359387,5.6,5.339383,5.2,5.32331562,5.293103,5.293103,5.293103,5.293103,37.5,51.12265,0.0308785439,0.142203271,true,[object Object],
20-12-2014,0,0,0,0,0,0,42.6025276,0,42.03341,0,43.00766,0,43.87511,0,43.4475937,0,44.0953369,0,44.40282,0,44.40282,0,21.8809071,-0.454856873,-0.017472161,0,0,0,0,0,0,0,0,0,6.2,5.20576239,4,4.90625,5.857143,5.348706,5.4,5.410728,5.6,5.4148016,5.2,5.34561348,5.29824543,5.29824543,5.29824543,5.29824543,37.5,55.6635361,0.06956196,0.132318288,true,[object Object],
19-12-2014,43.41,43.41,40.32,40.58,574400,42.6180077,42.6025276,42.71335,42.03341,43.11286,43.00766,44.44866,43.87511,43.7780037,43.4475937,44.800663,44.0953369,44.40282,44.40282,44.40282,44.40282,3.682749,21.8809071,-0.454856873,0.0893575847,4,4,4,2,1,4,4,4,4,6.2,5.308644,5.33333349,4.8125,5.857143,5.464941,5.4,5.46940327,5.6,5.50697947,5.2,5.369449,5.303571,5.303571,5.303571,5.303571,25,61.71805,0.11792469,0.117776871,true,[object Object],
18-12-2014,44.5,44.68,42.25,43.53,502300,43.26001,43.61379,43.17668,43.4868126,43.81143,43.81688,44.75866,44.34584,44.3270035,44.0848351,44.9083328,44.3377724,44.50342,44.50342,44.50342,44.50342,29.487175,27.94696,-0.178039551,0.206542119,3,5,2,10,4,3,3,3,3,6.4,5.962966,7.33333349,5.625,6,5.9532547,5.4666667,5.679318,5.7,5.84186363,5.233333,5.463894,5.327273,5.327273,5.327273,5.327273,12.5,73.9574,0.2797556,0.09750361,true,[object Object],
17-12-2014,41.97,44.1,41.94,44.03,273800,43.53601,43.65568,42.9933472,43.4436264,44.15,43.9125061,44.9113274,44.4623871,44.5850067,44.20813,44.9050026,44.3934822,44.5297279,44.5297279,44.5297279,44.5297279,38.64468,27.4335556,-0.122489929,0.2988807,9,9,9,10,1,9,9,9,9,6.8,7.444449,8,8.25,6.285714,6.93767262,5.6,6.06207752,5.9,6.473389,5.3,5.63381767,5.37037039,5.37037039,5.37037039,5.37037039,80,94.44319,0.5840597,0.0588962249,true,[object Object],
16-12-2014,42.93,43.21,41.92,41.97,295100,43.8240128,43.46852,42.91335,42.857254,44.2342873,43.8733444,45.01133,44.52416,44.8610077,44.247715,44.887,44.41855,44.54361,44.54361,44.54361,44.54361,0.915806353,23.6965141,-0.100719452,0.386672139,10,10,10,10,1,10,10,10,10,6,6.66667366,6.66666651,7.5,5.714286,6.25023,5.33333349,5.642374,5.5,5.91192,5.16666651,5.401667,5.30188656,5.30188656,5.30188656,5.30188656,100,99.25758,0.353058338,-0.0138637228,false,[object Object],
15-12-2014,43.89,44.32,42.93,42.98,241900,44.6100121,44.21778,43.8933525,43.74451,44.8200035,44.50779,45.2966652,44.8890381,45.21801,44.7538757,44.9413338,44.5874138,44.61714,44.61714,44.61714,44.61714,1.12357819,31.2900848,0.138278961,0.487520844,0,0,0,0,0,0,0,0,0,5,5.00001,5,5,5,5.000306,5,5.019856,5,5.003458,5,5.084541,5.21153831,5.21153831,5.21153831,5.21153831,100,99.01011,-0.04873705,-0.0612777062,true,[object Object],
14-12-2014,0,0,0,0,0,0,44.8366737,0,44.50902,0,45.01705,0,45.16176,0,45.14807,0,44.69827,0,44.6652946,0,44.6652946,0,41.34559,0.3384781,0.5618142,0,0,0,0,0,0,0,0,0,5,5.000015,5,5,5,5.000408,5,5.02269268,5,5.00422668,5.0333333,5.090371,5.21568632,5.21568632,5.21568632,5.21568632,100,98.6801453,-0.0517745,-0.06433826,true,[object Object],
13-12-2014,0,0,0,0,0,0,44.8366737,0,44.50902,0,45.01705,0,45.16176,0,45.14807,0,44.69827,0,44.6652946,0,44.6652946,0,41.34559,0.3384781,0.6138632,0,0,0,0,0,0,0,0,0,5,5.00002241,5,5,5,5.00054455,5,5.0259347,5,5.005166,5.2,5.096604,5.22,5.22,5.22,5.22,100,98.2402,-0.0548977852,-0.0673088,true,[object Object],
12-12-2014,44.32,44.55,43.36,43.79,157300,44.93801,44.8366737,44.7233543,44.50902,45.2671432,45.01705,45.50533,45.16176,45.364006,45.14807,44.972,44.69827,44.6652946,44.6652946,44.6652946,44.6652946,10.6965237,41.34559,0.3384781,0.6679573,0,0,0,0,0,0,0,0,0,5,5.000034,5,5,5,5.00072575,5,5.02963972,5,5.006314,5.2,5.10326624,5.22448969,5.22448969,5.22448969,5.22448969,100,97.653595,-0.0580863953,-0.07012129,true,[object Object],
11-12-2014,45.58,46.13,44.8,44.91,126800,45.39401,45.36001,45.4266853,45.2280426,45.695713,45.4260674,45.6466637,45.3577232,45.508007,45.4498634,44.966,44.76091,44.69182,44.69182,44.69182,44.69182,36.34019,51.5619469,0.5066109,0.722875357,0,0,0,0,0,0,0,0,0,5,5.000051,5,5,5,5.000968,5,5.033874,5,5.007717,5.366667,5.11038828,5.22916651,5.22916651,5.22916651,5.22916651,100,96.87146,-0.0613107681,-0.0726910159,true,[object Object],
10-12-2014,45.6,47.38,45.47,45.47,275100,45.63401,45.58501,45.3300171,45.54608,45.7857132,45.59809,45.6753349,45.4216843,45.5990067,45.56983,44.8816643,44.75063,44.6849976,44.6849976,44.6849976,44.6849976,50.7732162,56.6358643,0.5998039,0.7511249,0,0,0,0,0,0,0,0,0,5,5.000077,5,5,5,5.00129032,5,5.038713,5,5.009432,5.366667,5.11800146,5.23404264,5.23404264,5.23404264,5.23404264,100,95.82861,-0.0645346642,-0.074913606,true,[object Object],
09-12-2014,44.04,46.01,43.5,45.9,215400,45.89801,45.6425133,45.5300179,45.6221581,45.6385727,45.6407852,45.6713333,45.41478,45.6050072,45.5920143,44.7776642,44.70102,44.6596756,44.6596756,44.6596756,44.6596756,68.1818542,58.59008,0.6530075,0.7667664,0,0,0,0,0,0,0,0,0,5,5.000115,5,5,5,5.00172043,5,5.04424334,5,5.011528,5.366667,5.12613964,5.2391305,5.2391305,5.2391305,5.2391305,100,94.4381561,-0.06771088,-0.07666074,false,[object Object],
08-12-2014,45.87,45.97,44.41,44.62,149600,45.82601,45.5137672,45.6000175,45.3443146,45.54286,45.55438,45.60133,45.3454628,45.640007,45.5235748,44.6183319,44.6183319,44.6183319,44.6183319,44.6183319,44.6183319,17.2413712,55.3928223,0.667633057,0.7904731,0,0,0,0,0,0,0,0,0,5,5.00017262,5,5,5,5.002294,5,5.050564,5,5.01409,5.366667,5.134839,5.24444437,5.24444437,5.24444437,5.24444437,100,92.58421,-0.0707798,-0.0777756348,true,[object Object],
07-12-2014,0,0,0,0,0,0,45.96065,0,46.068634,0,45.8658371,0,45.4491,0,45.72437,0,44.6182747,0,44.6182747,0,44.6182747,0,68.10997,0.8069191,0.812554657,0,0,0,0,0,0,0,0,0,5,5.000259,5,5.00000048,5,5.003059,5,5.05778742,5,5.01722145,5.366667,5.14413834,5.25,5.25,5.25,5.25,100,90.11229,-0.0736675262,-0.0780673549,true,[object Object],
06-12-2014,0,0,0,0,0,0,45.96065,0,46.068634,0,45.8658371,0,45.4491,0,45.72437,0,44.6182747,0,44.6182747,0,44.6182747,0,68.10997,0.8069191,0.819160044,0,0,0,0,0,0,0,0,0,5,5.00038862,5,5.000001,5,5.00407839,5,5.066043,5,5.02104855,5.366667,5.154079,5.255814,5.255814,5.255814,5.255814,100,86.81639,-0.0762820244,-0.0773041546,true,[object Object],
05-12-2014,46.04,46.43,45.84,46.07,85400,45.7900162,45.96065,46.32335,46.068634,45.71429,45.8658371,45.6019974,45.4491,45.78901,45.72437,44.6182747,44.6182747,44.6182747,44.6182747,44.6182747,44.6182747,69.55125,68.10997,0.8069191,0.8301129,0,0,0,0,0,0,0,0,0,5,5.000583,5,5.000002,5,5.005438,5,5.0754776,5,5.025726,5.366667,5.16470528,5.26190472,5.26190472,5.26190472,5.26190472,100,82.42186,-0.07850933,-0.0752055943,false,[object Object],
04-12-2014,46.75,46.75,45.8,46.11,127600,45.6220131,45.90598,46.1466827,46.06727,45.637146,45.7977829,45.468,45.3604,45.77301,45.64756,44.56643,44.56643,44.56643,44.56643,44.56643,44.56643,70.83333,67.62955,0.825325,0.8410657,0,0,0,0,0,0,0,0,0,5,5.00087452,5,5.000004,5,5.007251,5,5.08626,5,5.03144264,5.366667,5.176064,5.268293,5.268293,5.268293,5.268293,100,76.5624847,-0.08021021,-0.07143317,true,[object Object],
03-12-2014,45.7,46.92,45.7,46.79,250000,45.5640144,45.8039665,45.5900154,46.0245361,45.6571426,45.69371,45.3813324,45.253315,45.6960068,45.544796,44.50926,44.50926,44.50926,44.50926,44.50926,44.50926,92.62822,66.56162,0.8327408,0.8457955,0,0,0,0,0,0,0,0,0,5,5.001312,5,5.00000763,5,5.009668,5,5.09858274,5,5.03842974,5.366667,5.188206,5.275,5.275,5.275,5.275,100,68.7499847,-0.08121395,-0.065579094,false,[object Object],
02-12-2014,44.42,45.57,44.12,45.54,271000,45.31201,45.3109474,45.07001,45.2590675,45.56,45.3282776,45.258,45.0337868,45.5580063,45.2680855,44.4215355,44.4215355,44.4215355,44.4215355,44.4215355,44.4215355,52.5641022,57.8727531,0.7608566,0.848439932,0,0,0,0,0,0,0,0,0,5,5.00196743,5,5.00001574,5,5.01289034,5,5.112666,5,5.04697,5.366667,5.201186,5.282051,5.282051,5.282051,5.282051,100,58.3333168,-0.08131409,-0.05715333,false,[object Object],
01-12-2014,45.15,45.22,44.33,44.44,184300,45.45401,45.19642,45.1633453,44.9781342,45.6128578,45.2577057,45.1833344,44.96147,45.489006,45.20766,44.3767967,44.3767967,44.3767967,44.3767967,44.3767967,44.3767967,26.49572,59.6423035,0.7405777,0.8464898,0,0,0,0,0,0,0,0,0,5,5.002951,5,5.00003147,5,5.017187,5,5.12876129,5,5.05740738,5.366667,5.215061,5.28947353,5.28947353,5.28947353,5.28947353,100,44.4444237,-0.08025885,-0.0455676727,true,[object Object],
30-11-2014,0,0,0,0,0,0,45.5746269,0,45.5162659,0,45.5302773,0,45.03597,0,45.3782539,0,44.3741646,0,44.3741646,0,44.3741646,0,70.69116,0.86636734,0.8467929,0,0,0,0,0,0,0,0,0,5,5.00442648,5,5.000063,5,5.022916,5,5.147156,5,5.07016468,5.366667,5.229893,5.29729748,5.29729748,5.29729748,5.29729748,100,25.9258976,-0.07774496,-0.0301174056,true,[object Object],
29-11-2014,0,0,0,0,0,0,45.5746269,0,45.5162659,0,45.5302773,0,45.03597,0,45.3782539,0,44.3741646,0,44.3741646,0,44.3741646,0,70.69116,0.86636734,0.8331193,0,0,0,0,0,0,0,0,0,5,5.00663948,5,5.000126,5,5.030555,5.0666666,5.168178,5,5.085757,5.366667,5.245748,5.30555534,5.30555534,5.30555534,5.30555534,1e-7,1.23452926,-0.0734052658,-0.009959221,true,[object Object],
28-11-2014,45.93,45.93,45.15,45.23,82900,45.78801,45.5746269,45.5266762,45.5162659,45.74143,45.5302773,45.1526642,45.03597,45.508007,45.3782539,44.3741646,44.3741646,44.3741646,44.3741646,44.3741646,44.3741646,49.0028534,70.69116,0.86636734,0.8057179,0,0,0,0,0,0,0,0,0,5,5.009959,5,5.000252,5,5.04074,5.4,5.19220352,5,5.10481358,5.366667,5.26269627,5.31428576,5.31428576,5.31428576,5.31428576,1e-7,1.646039,-0.06679869,0.01591481,true,[object Object],
27-11-2014,0,0,0,0,0,0,45.74694,0,45.80253,0,45.63037,0,45.00825,0,45.4112,0,44.3369522,0,44.3369522,0,44.3369522,0,77.92059,0.9054947,0.764070749,0,0,0,0,0,0,0,0,0,5,5.014939,5,5.00050354,5,5.05432034,5.4,5.219661,5,5.12810564,5.366667,5.280813,5.32352924,5.32352924,5.32352924,5.32352924,1e-7,2.1947186,-0.05739498,0.048707962,true,[object Object],
26-11-2014,45.45,46.04,45.02,45.82,168200,45.92401,45.74694,45.86668,45.80253,45.7671432,45.63037,45.058,45.00825,45.3910065,45.4112,44.3369522,44.3369522,44.3369522,44.3369522,44.3369522,44.3369522,67.65495,77.92059,0.9054947,0.708274,0,0,0,0,0,0,0,0,0,5,5.02240849,5,5.001007,5,5.072427,5.733333,5.25104141,5,5.1565733,5.366667,5.30017948,5.33333349,5.33333349,5.33333349,5.33333349,1e-7,2.92629147,-0.04455757,0.09173589,false,[object Object],
25-11-2014,46.31,46.44,45.42,45.53,106100,45.82801,45.71041,45.9633446,45.7850571,45.62857,45.56716,44.8986664,44.89229,45.2900047,45.32036,44.2695427,44.2695427,44.2695427,44.2695427,44.2695427,44.2695427,59.9462051,81.34247,0.8678932,0.639428854,0,0,0,0,0,0,0,0,0,5,5.03361273,5,5.002014,5,5.096569,5.733333,5.28690434,5,5.191367,5.366667,5.32088137,5.34375,5.34375,5.34375,5.34375,1e-7,3.901722,-0.0275235176,0.14685303,true,[object Object],
24-11-2014,46.28,46.95,46.07,46.25,179600,45.80401,45.8006172,46.09001,46.04011,45.5,45.57955,44.76267,44.8011856,45.2310066,45.2737732,44.2095222,44.2095222,44.2095222,44.2095222,44.2095222,44.2095222,80.50632,88.474556,0.8565407,0.56596756,0,0,0,0,0,0,0,0,0,5,5.050419,5,5.00402832,5,5.12875843,5.733333,5.3278904,5.1,5.233893,5.366667,5.343011,5.354839,5.354839,5.354839,5.354839,1e-7,5.202296,-0.005382061,0.216243684,true,[object Object],
23-11-2014,0,0,0,0,0,0,45.5759277,0,45.8302231,0,45.35607,0,44.59421,0,45.0568352,0,44.1075,0,44.1075,0,44.1075,0,89.80259,0.7433052,0.493767619,0,0,0,0,0,0,0,0,0,5,5.07562828,5,5.00805664,5,5.17167759,5.733333,5.374732,5.6,5.285869,5.366667,5.366667,5.366667,5.366667,5.366667,5.366667,1e-7,6.936394,0.0229568481,0.302481025,true,[object Object],
22-11-2014,0,0,0,0,0,0,45.5759277,0,45.8302231,0,45.35607,0,44.59421,0,45.0568352,0,44.1075,0,44.1075,0,44.1075,0,89.80259,0.7433052,0.4341494,0,0,0,0,0,0,0,0,0,5,5.11344242,5,5.01611328,5,5.228904,5.733333,5.428265,5.6,5.34939575,5.37931,5.37931,5.37931,5.37931,5.37931,5.37931,1e-7,9.248526,0.0587935448,0.3936848,true,[object Object],
21-11-2014,46.5,47.02,45.82,46.11,159300,45.52401,45.5759277,45.78668,45.8302231,45.18714,45.35607,44.586,44.59421,45.0480042,45.0568352,44.1075,44.1075,44.1075,44.1075,44.1075,44.1075,76.9620361,89.80259,0.7433052,0.3665072,0,0,0,0,0,0,0,0,0,5,5.17016363,5,5.03222656,5.142857,5.30520535,5.733333,5.48944569,6.1,5.427039,5.392857,5.392857,5.392857,5.392857,5.392857,5.392857,1e-7,12.3313675,0.1036787,0.431695253,true,[object Object],
20-11-2014,45.08,45.96,44.85,45.91,129300,45.22801,45.30889,45.5533447,45.55044,45.00143,45.104763,44.4386673,44.37767,44.8350029,44.8228,44.0021057,44.0021057,44.0021057,44.0021057,44.0021057,44.0021057,98.26992,92.3707047,0.6197548,0.2958052,0,0,0,0,0,0,0,0,0,5,5.25524569,5,5.064453,5.857143,5.40694046,5.733333,5.559366,6.1,5.521937,5.40740728,5.40740728,5.40740728,5.40740728,5.40740728,5.40740728,1e-7,16.441824,0.159461021,0.47640574,false,[object Object],
19-11-2014,45.42,45.66,44.68,45.34,256400,44.85801,45.00834,45.2000122,45.1908836,44.8628578,44.83635,44.2853355,44.1587677,44.6250038,44.5812,43.89611,43.89611,43.89611,43.89611,43.89611,43.89611,90.0603,90.8959,0.491542816,0.2553115,0,0,0,0,0,0,0,0,0,5.2,5.382869,5,5.12890625,5.857143,5.54258728,5.733333,5.63927555,6.1,5.637923,5.423077,5.423077,5.423077,5.423077,5.423077,5.423077,1e-7,21.9224319,0.228339672,0.5160238,true,[object Object],
18-11-2014,44.92,45.67,44.84,45.41,176700,44.7520065,44.8425064,44.96335,45.0417671,44.7314339,44.6684647,44.088,43.99002,44.4340019,44.41258,43.8111763,43.8111763,43.8111763,43.8111763,43.8111763,43.8111763,93.3504257,91.17443,0.403324127,0.221564159,0,0,0,0,0,0,0,0,0,6.2,5.574303,5,5.2578125,6.571429,5.72344971,5.733333,5.730601,6.1,5.779683,5.44,5.44,5.44,5.44,5.44,5.44,1e-7,29.22991,0.3298564,0.5571216,false,[object Object],
17-11-2014,44.64,45.23,44.27,44.85,217900,44.65801,44.5587578,44.5133476,44.6735344,44.52715,44.4212837,43.884,43.7871666,44.242,44.19093,43.71125,43.71125,43.71125,43.71125,43.71125,43.71125,91.10068,90.08643,0.285888672,0.191270828,0,0,0,0,0,0,0,0,0,6.2,5.86145449,5.33333349,5.515625,6.571429,5.96459961,5.733333,5.83497238,6.1,5.952946,5.45833349,5.45833349,5.45833349,5.45833349,5.45833349,5.45833349,1e-7,38.9732132,0.4514966,0.5949991,false,[object Object],
16-11-2014,0,0,0,0,0,0,44.41314,0,44.49707,0,44.2783775,0,43.635334,0,44.04447,0,43.635334,0,43.635334,0,43.635334,0,89.07219,0.206741333,0.172347263,0,0,0,0,0,0,0,0,0,7.2,6.29218149,7,6.03125,6.571429,6.286133,5.733333,5.954254,6.1,6.164712,5.478261,5.478261,5.478261,5.478261,5.478261,5.478261,1e-7,51.9642868,0.5969925,0.623699546,true,[object Object],
15-11-2014,0,0,0,0,0,0,44.41314,0,44.49707,0,44.2783775,0,43.635334,0,44.04447,0,43.635334,0,43.635334,0,43.635334,0,89.07219,0.206741333,0.163748741,6,6,6,10,1,6,6,6,6,7.2,6.938272,7,7.0625,6.571429,6.71484375,5.733333,6.090576,6.1,6.423537,5.5,5.5,5.5,5.5,5.5,5.5,20,69.28571,0.77075386,0.630376339,false,[object Object],
14-11-2014,44.16,44.84,43.9,44.63,149300,44.5720062,44.41314,44.50001,44.49707,44.3785744,44.2783775,43.635334,43.635334,44.117,44.04447,43.635334,43.635334,43.635334,43.635334,43.635334,43.635334,89.07219,89.07219,0.206741333,0.149417877,10,10,10,10,3,10,10,10,10,7,7.40740776,8.333333,8.125,6.428571,6.953125,5.66666651,6.10351563,6,6.517656,5.47619057,5.47619057,5.47619057,5.47619057,5.47619057,5.47619057,100,85.71429,0.843791,0.583583832,true,[object Object],
13-11-2014,44.76,44.89,43.91,44.06,107000,44.4420052,44.3047066,44.603344,44.3641434,44.2071457,44.16117,43.56429,43.56429,44.044,43.9143524,43.56429,43.56429,43.56429,43.56429,43.56429,43.56429,0,0,0.1345253,0.120756149,0,0,0,0,0,0,0,0,0,6,6.111111,6.66666651,6.25,5.714286,5.9375,5.33333349,5.546875,5.5,5.74380159,5.25,5.25,5.25,5.25,5.25,5.25,1e-7,83.3333359,0.4008875,0.453480244,true,[object Object],
12-11-2014,44.88,45.16,43.98,44.81,139600,44.3920059,44.42706,44.7233429,44.66828,44.1257133,44.1948967,43.5261574,43.5261574,43.999,43.8819847,43.5261574,43.5261574,43.5261574,43.5261574,43.5261574,43.5261574,0,0,0.106987,0.106987,10,10,10,5,1,10,10,10,10,6,6.666667,6.66666651,7.5,5.714286,6.25,5.33333349,5.625,5.5,5.909091,5.263158,5.263158,5.263158,5.263158,5.263158,5.263158,100,100,0.506073,0.506073,false,[object Object],
11-11-2014,44.39,45.16,44.24,44.94,225300,44.1160049,44.2355881,44.4466743,44.52656,43.952858,43.98986,43.41917,43.41917,43.7560043,43.67576,43.41917,43.41917,43.41917,43.41917,43.41917,43.41917,0,0,0,0,0,0,0,0,0,0,0,0,0,5,5,5,5,5,5,5,5,5,5,5,5,5,5,5,5,100,100,0,0,false,[object Object],
10-11-2014,44.07,44.45,43.51,44.42,136400,43.826004,43.8833847,44.0700073,44.1131248,43.804287,43.67315,43.28091,43.28091,43.497,43.3948174,43.28091,43.28091,43.28091,43.28091,43.28091,43.28091,0,0,0,0,0,0,0,0,0,0,0,0,0,5,5,5,5,5,5,5,5,5,5,5,5,5,5,5,5,100,100,0,0,false,[object Object],
09-11-2014,0,0,0,0,0,0,43.615078,0,43.80625,0,43.4242,0,43.167,0,43.167,0,43.167,0,43.167,0,43.167,0,0,0,0,0,0,0,0,0,0,0,0,0,5,5,5,5,5,5,5,5,5,5,5,5,5,5,5,5,100,100,0,0,true,[object Object],
08-11-2014,0,0,0,0,0,0,43.615078,0,43.80625,0,43.4242,0,43.167,0,43.167,0,43.167,0,43.167,0,43.167,0,0,0,0,0,0,0,0,0,0,0,0,0,5,5,5,5,5,5,5,5,5,5,5,5,5,5,5,5,100,100,0,0,true,[object Object],
07-11-2014,43.74,44.31,43.51,43.98,88200,43.6620026,43.615078,43.7400055,43.80625,43.6885719,43.4242,43.167,43.167,43.167,43.167,43.167,43.167,43.167,43.167,43.167,43.167,0,0,0,0,0,0,0,0,0,0,0,0,0,5,5,5,5,5,5,5,5,5,5,5,5,5,5,5,5,0,0,0,0,false,[object Object],
06-11-2014,43.45,43.98,43.31,43.81,142600,43.6460037,43.4326172,43.5766754,43.6325,43.46,43.23893,43.0766678,43.0766678,43.0766678,43.0766678,43.0766678,43.0766678,43.0766678,43.0766678,43.0766678,43.0766678,0,0,0,0,0,0,0,0,0,0,0,0,0,5,5,5,5,5,5,5,5,5,5,5,5,5,5,5,5,0,0,0,0,false,[object Object],
05-11-2014,44.04,44.46,43.3,43.43,79800,43.6060066,43.243927,43.50667,43.455,43.25143,43.0485725,42.985,42.985,42.985,42.985,42.985,42.985,42.985,42.985,42.985,42.985,0,0,0,0,0,0,0,0,0,0,0,0,0,5,5,5,5,5,5,5,5,5,5,5,5,5,5,5,5,0,0,0,0,true,[object Object],
04-11-2014,43.67,44.32,43.07,43.49,146900,43.3960037,43.15089,43.66334,43.4800034,42.92143,42.92143,42.92143,42.92143,42.92143,42.92143,42.92143,42.92143,42.92143,42.92143,42.92143,42.92143,0,0,0,0,0,0,0,0,0,0,0,0,0,5,5,5,5,5,5,5,5,5,5,5,5,5,5,5,5,0,0,0,0,true,[object Object],
03-11-2014,44.09,44.09,43.16,43.6,179800,43.1680069,42.9813347,43.70334,43.47,42.82667,42.82667,42.82667,42.82667,42.82667,42.82667,42.82667,42.82667,42.82667,42.82667,42.82667,42.82667,0,0,0,0,0,0,0,0,0,0,0,0,0,5,5,5,5,5,5,5,5,5,5,5,5,5,5,5,5,0,0,0,0,true,[object Object],
02-11-2014,0,0,0,0,0,0,42.6720047,0,43.34,0,42.6720047,0,42.6720047,0,42.6720047,0,42.6720047,0,42.6720047,0,42.6720047,0,0,0,0,0,0,0,0,0,0,0,0,0,5,5,5,5,5,5,5,5,5,5,5,5,5,5,5,5,0,0,0,0,true,[object Object],
01-11-2014,0,0,0,0,0,0,42.6720047,0,43.34,0,42.6720047,0,42.6720047,0,42.6720047,0,42.6720047,0,42.6720047,0,42.6720047,0,0,0,0,0,0,0,0,0,0,0,0,0,5,5,5,5,5,5,5,5,5,5,5,5,5,5,5,5,0,0,0,0,true,[object Object],
31-10-2014,44.43,44.53,43.64,43.9,195100,42.6720047,42.6720047,43.2966728,43.34,42.6720047,42.6720047,42.6720047,42.6720047,42.6720047,42.6720047,42.6720047,42.6720047,42.6720047,42.6720047,42.6720047,42.6720047,0,0,0,0,0,0,0,0,0,0,0,0,0,5,5,5,5,5,5,5,5,5,5,5,5,5,5,5,5,0,0,0,0,true,[object Object],
30-10-2014,42.35,43.65,42.35,43.61,210300,42.365,42.365,42.7800026,42.78,42.365,42.365,42.365,42.365,42.365,42.365,42.365,42.365,42.365,42.365,42.365,42.365,0,0,0,0,0,0,0,0,0,0,0,0,0,5,5,5,5,5,5,5,5,5,5,5,5,5,5,5,5,0,0,0,0,false,[object Object],
29-10-2014,42.68,42.92,41.76,42.38,209500,41.95,41.95,41.95,41.95,41.95,41.95,41.95,41.95,41.95,41.95,41.95,41.95,41.95,41.95,41.95,41.95,0,0,0,0,0,0,0,0,0,0,0,0,0,5,5,5,5,5,5,5,5,5,5,5,5,5,5,5,5,0,0,0,0,true,[object Object],
28-10-2014,41.48,42.65,40.96,42.35,373700,41.735,41.735,41.735,41.735,41.735,41.735,41.735,41.735,41.735,41.735,41.735,41.735,41.735,41.735,41.735,41.735,0,0,0,0,0,0,0,0,0,0,0,0,0,5,5,5,5,5,5,5,5,5,5,5,5,5,5,5,5,0,0,0,0,false,[object Object],
27-10-2014,41.19,41.27,40.31,41.12,125800,41.12,41.12,41.12,41.12,41.12,41.12,41.12,41.12,41.12,41.12,41.12,41.12,41.12,41.12,41.12,41.12,0,0,0,0,0,0,0,0,0,0,0,0,0,5,5,5,5,5,5,5,5,5,5,5,5,5,5,5,5,0,0,0,0,true,[object Object],
26-10-2014,0,0,0,0,0,0,0,0,0,0,0,0,0,0,0,0,0,0,0,0,0,0,0,0,0,0,0,0,0,0,0,0,0,0,5,5,5,5,5,5,5,5,5,5,5,5,5,5,5,5,0,0,0,0,true,[object Object],
25-10-2014,0,0,0,0,0,0,0,0,0,0,0,0,0,0,0,0,0,0,0,0,0,0,0,0,0,0,0,0,0,0,0,0,0,0,5,5,5,5,5,5,5,5,5,5,5,5,5,5,5,5,0,0,0,0,true,[object Object],
