"Time.sec.","Intensity"
0,472.13
2,472.13
4,472.13
6,472.196
8,472.261
10,472.327
12,472.114
14,471.9
16,471.687
18,471.591
20,471.495
22,471.399
24,471.312
26,471.225
28,471.138
30,471.079
32,471.021
34,470.962
36,471.096
38,471.229
40,471.363
42,471.284
44,471.204
46,471.125
48,470.936
50,470.746
52,470.557
54,470.388
56,470.22
58,470.051
60,469.92
62,469.789
64,469.658
66,469.772
68,469.885
70,469.999
72,469.871
74,469.744
76,469.616
78,469.653
80,469.691
82,469.728
84,469.661
86,469.595
88,469.528
90,469.061
92,468.594
94,468.127
96,468.51
98,468.893
100,469.276
102,469.31
104,469.344
106,469.378
108,468.999
110,468.619
112,468.24
114,468.279
116,468.317
118,468.356
120,468.223
122,468.09
124,467.957
126,468.007
128,468.058
130,468.108
132,467.801
134,467.495
136,467.188
138,467.012
140,466.836
142,466.66
144,466.963
146,467.265
148,467.568
150,467.193
152,466.817
154,466.442
156,466.807
158,467.173
160,467.538
162,467.519
164,467.501
166,467.482
168,466.971
170,466.46
172,465.949
174,465.893
176,465.838
178,465.782
180,465.813
182,465.843
184,465.874
186,465.975
188,466.076
190,466.177
192,465.796
194,465.416
196,465.035
198,464.964
200,464.893
202,464.822
204,464.808
206,464.793
208,464.779
210,464.675
212,464.572
214,464.468
216,464.711
218,464.954
220,465.197
222,464.781
224,464.366
226,463.95
228,464.216
230,464.482
232,464.748
234,464.46
236,464.172
238,463.884
240,463.826
242,463.767
244,463.709
246,463.567
248,463.424
250,463.282
252,463.284
254,463.285
256,463.287
258,463.304
260,463.322
262,463.339
264,463.129
266,462.919
268,462.709
270,463.027
272,463.346
274,463.664
276,463.222
278,462.78
280,462.338
282,462.436
284,462.533
286,462.631
288,462.321
290,462.011
292,461.701
294,461.799
296,461.896
298,461.994
300,461.858
302,461.721
304,461.585
306,461.773
308,461.961
310,462.149
312,461.767
314,461.384
316,461.002
318,461.16
320,461.318
322,461.476
324,461.204
326,460.931
328,460.659
330,460.755
332,460.851
334,460.947
336,460.883
338,460.818
340,460.754
342,460.544
344,460.333
346,460.123
348,460.201
350,460.279
352,460.357
354,460.365
356,460.374
358,460.382
360,460.093
362,459.805
364,459.516
366,459.34
368,459.165
370,458.989
372,458.739
374,458.489
376,458.239
378,458.206
380,458.172
382,458.139
384,458.198
386,458.258
388,458.317
390,458.357
392,458.397
394,458.437
396,458.471
398,458.504
400,458.538
402,458.477
404,458.417
406,458.356
408,458.064
410,457.771
412,457.479
414,457.796
416,458.112
418,458.429
420,458.059
422,457.69
424,457.32
426,457.522
428,457.725
430,457.927
432,457.758
434,457.588
436,457.419
438,457.516
440,457.612
442,457.709
444,457.347
446,456.986
448,456.624
450,456.485
452,456.345
454,456.206
456,456.049
458,455.893
460,455.736
462,456.13
464,456.525
466,456.919
468,456.6
470,456.282
472,455.963
474,455.753
476,455.542
478,455.332
480,455.187
482,455.043
484,454.898
486,455.006
488,455.113
490,455.221
492,455
494,454.778
496,454.557
498,454.506
500,454.454
502,454.403
504,454.418
506,454.433
508,454.448
510,454.711
512,454.974
514,455.237
516,454.838
518,454.44
520,454.041
522,454.159
524,454.277
526,454.395
528,454.064
530,453.733
532,453.402
534,453.574
536,453.747
538,453.919
540,453.837
542,453.755
544,453.673
546,453.642
548,453.612
550,453.581
552,453.637
554,453.692
556,453.748
558,453.527
560,453.306
562,453.085
564,453.05
566,453.015
568,452.98
570,453.123
572,453.266
574,453.409
576,452.832
578,452.256
580,451.679
582,451.613
584,451.548
586,451.482
588,451.565
590,451.647
592,451.73
594,451.7
596,451.669
598,451.639
600,451.48
900,443.278
902,443.278
904,443.278
906,443.415
908,443.553
910,443.69
912,443.474
914,443.258
916,443.042
918,442.927
920,442.812
922,442.697
924,442.787
926,442.876
928,442.966
930,442.747
932,442.527
934,442.308
936,442.185
938,442.062
940,441.939
942,441.817
944,441.694
946,441.572
948,441.589
950,441.606
952,441.623
954,441.655
956,441.688
958,441.72
960,441.911
962,442.101
964,442.292
966,442.217
968,442.142
970,442.067
972,441.504
974,440.94
976,440.377
978,440.668
980,440.96
982,441.251
984,441.027
986,440.802
988,440.578
990,440.709
992,440.839
994,440.97
996,440.944
998,440.919
1000,440.893
1002,440.636
1004,440.378
1006,440.121
1008,440.023
1010,439.924
1012,439.826
1014,439.9
1016,439.973
1018,440.047
1020,439.919
1022,439.792
1024,439.664
1026,439.215
1028,438.766
1030,438.317
1032,438.638
1034,438.96
1036,439.281
1038,439.122
1040,438.963
1042,438.804
1044,438.851
1046,438.899
1048,438.946
1050,438.845
1052,438.745
1054,438.644
1056,438.474
1058,438.304
1060,438.134
1062,437.992
1064,437.85
1066,437.708
1068,437.931
1070,438.153
1072,438.376
1074,438.193
1076,438.01
1078,437.827
1080,437.867
1082,437.906
1084,437.946
1086,437.687
1088,437.427
1090,437.168
1092,437.156
1094,437.144
1096,437.132
1098,436.945
1100,436.759
1102,436.572
1104,436.573
1106,436.574
1108,436.575
1110,436.788
1112,437.001
1114,437.214
1116,436.96
1118,436.706
1120,436.452
1122,436.509
1124,436.565
1126,436.622
1128,436.587
1130,436.552
1132,436.517
1134,436.411
1136,436.305
1138,436.199
1140,435.982
1142,435.766
1144,435.549
1146,435.67
1148,435.791
1150,435.912
1152,435.947
1154,435.983
1156,436.018
1158,435.685
1160,435.351
1162,435.018
1164,435.384
1166,435.751
1168,436.117
1170,435.861
1172,435.605
1174,435.349
1176,435.249
1178,435.15
1180,435.05
1182,435.168
1184,435.287
1186,435.405
1188,435.111
1190,434.818
1192,434.524
1194,434.678
1196,434.833
1198,434.987
1200,434.758
1202,434.528
1204,434.299
1206,434.63
1208,434.961
1210,435.292
1212,435.047
1214,434.802
1216,434.557
1218,434.544
1220,434.531
1222,434.518
1224,434.323
1226,434.127
1228,433.932
1230,434.079
1232,434.227
1234,434.374
1236,434.255
1238,434.137
1240,434.018
1242,434.032
1244,434.045
1246,434.059
1248,433.654
1250,433.25
1252,432.845
1254,433.103
1256,433.36
1258,433.618
1260,433.337
1262,433.055
1264,432.774
1266,432.959
1268,433.145
1270,433.33
1272,433.045
1274,432.76
1276,432.475
1278,432.555
1280,432.634
1282,432.714
1284,432.801
1286,432.889
1288,432.976
1290,432.72
1292,432.464
1294,432.208
1296,432.035
1298,431.863
1300,431.69
1302,431.994
1304,432.298
1306,432.602
1308,432.528
1310,432.454
1312,432.38
1314,432.13
1316,431.881
1318,431.631
1320,431.567
1322,431.504
1324,431.44
1326,431.622
1328,431.804
1330,431.986
1332,431.75
1334,431.513
1336,431.277
1338,431.179
1340,431.082
1342,430.984
1344,431.08
1346,431.177
1348,431.273
1350,431.372
1352,431.472
1354,431.571
1356,431.371
1358,431.172
1360,430.972
1362,430.706
1364,430.441
1366,430.175
1368,430.494
1370,430.812
1372,431.131
1374,430.974
1376,430.818
1378,430.661
1380,430.827
1382,430.994
1384,431.16
1386,430.903
1388,430.646
1390,430.389
1392,430.436
1394,430.482
1396,430.529
1398,430.451
1400,430.373
1402,430.295
1404,430.243
1406,430.192
1408,430.14
1410,429.877
1412,429.614
1414,429.351
1416,429.527
1418,429.703
1420,429.879
1422,429.781
1424,429.682
1426,429.584
1428,429.348
1430,429.111
1432,428.875
1434,428.975
1436,429.076
1438,429.176
1440,429.272
1442,429.369
1444,429.465
1446,429.37
1448,429.274
1450,429.179
1452,429.059
1454,428.938
1456,428.818
1458,428.982
1460,429.145
1462,429.309
1464,428.89
1466,428.47
1468,428.051
1470,428.061
1472,428.07
1474,428.08
1476,428.059
1478,428.038
1480,428.017
1482,428.276
1484,428.536
1486,428.795
1488,428.4
1490,428.004
1492,427.609
1494,427.888
1496,428.166
1498,428.445
1500,428.204
1800,424.088
1802,424.088
1804,424.088
1806,423.95
1808,423.811
1810,423.673
1812,423.572
1814,423.471
1816,423.37
1818,423.438
1820,423.505
1822,423.573
1824,423.128
1826,422.684
1828,422.239
1830,422.28
1832,422.32
1834,422.361
1836,422.616
1838,422.872
1840,423.127
1842,422.751
1844,422.376
1846,422
1848,422.254
1850,422.508
1852,422.762
1854,422.646
1856,422.53
1858,422.414
1860,422.395
1862,422.375
1864,422.356
1866,422.326
1868,422.296
1870,422.266
1872,422.232
1874,422.198
1876,422.164
1878,422.072
1880,421.979
1882,421.887
1884,421.776
1886,421.666
1888,421.555
1890,421.519
1892,421.483
1894,421.447
1896,421.269
1898,421.091
1900,420.913
1902,420.864
1904,420.814
1906,420.765
1908,420.945
1910,421.125
1912,421.305
1914,421.021
1916,420.736
1918,420.452
1920,420.361
1922,420.27
1924,420.179
1926,420.593
1928,421.007
1930,421.421
1932,421.19
1934,420.96
1936,420.729
1938,420.504
1940,420.279
1942,420.054
1944,420.224
1946,420.395
1948,420.565
1950,420.48
1952,420.395
1954,420.31
1956,420.328
1958,420.345
1960,420.363
1962,420.205
1964,420.048
1966,419.89
1968,419.665
1970,419.439
1972,419.214
1974,419.805
1976,420.397
1978,420.988
1980,420.595
1982,420.202
1984,419.809
1986,419.74
1988,419.671
1990,419.602
1992,419.55
1994,419.497
1996,419.445
1998,419.122
2000,418.8
2002,418.477
2004,418.75
2006,419.023
2008,419.296
2010,419.406
2012,419.516
2014,419.626
2016,419.313
2018,419
2020,418.687
2022,418.93
2024,419.173
2026,419.416
2028,419.138
2030,418.859
2032,418.581
2034,418.554
2036,418.528
2038,418.501
2040,418.589
2042,418.676
2044,418.764
2046,418.619
2048,418.473
2050,418.328
2052,418.392
2054,418.457
2056,418.521
2058,418.411
2060,418.302
2062,418.192
2064,418.003
2066,417.814
2068,417.625
2070,417.818
2072,418.011
2074,418.204
2076,417.82
2078,417.437
2080,417.053
2082,417.147
2084,417.242
2086,417.336
2088,417.433
2090,417.531
2092,417.628
2094,417.593
2096,417.557
2098,417.522
2100,417.435
2102,417.347
2104,417.26
2106,417.213
2108,417.165
2110,417.118
2112,417.467
2114,417.816
2116,418.165
2118,417.846
2120,417.526
2122,417.207
2124,417.151
2126,417.095
2128,417.039
2130,417.12
2132,417.202
2134,417.283
2136,417.157
2138,417.031
2140,416.905
2142,416.768
2144,416.63
2146,416.493
2148,416.774
2150,417.055
2152,417.336
2154,417.127
2156,416.917
2158,416.708
2160,416.508
2162,416.309
2164,416.109
2166,416.193
2168,416.276
2170,416.36
2172,416.669
2174,416.977
2176,417.286
2178,416.725
2180,416.165
2182,415.604
2184,415.894
2186,416.184
2188,416.474
2190,416.467
2192,416.461
2194,416.454
2196,416.262
2198,416.07
2200,415.878
2202,416.015
2204,416.151
2206,416.288
2208,416.427
2210,416.567
2212,416.706
2214,416.739
2216,416.771
2218,416.804
2220,416.392
2222,415.981
2224,415.569
2226,415.436
2228,415.304
2230,415.171
2232,415.451
2234,415.731
2236,416.011
2238,415.83
2240,415.65
2242,415.469
2244,415.408
2246,415.346
2248,415.285
2250,415.64
2252,415.996
2254,416.351
2256,415.878
2258,415.406
2260,414.933
2262,414.909
2264,414.886
2266,414.862
2268,414.733
2270,414.605
2272,414.476
2274,414.64
2276,414.803
2278,414.967
2280,414.783
2282,414.6
2284,414.416
2286,414.466
2288,414.517
2290,414.567
2292,414.479
2294,414.392
2296,414.304
2298,414.425
2300,414.547
2302,414.668
2304,414.566
2306,414.463
2308,414.361
2310,414.264
2312,414.166
2314,414.069
2316,413.926
2318,413.782
2320,413.639
2322,413.635
2324,413.63
2326,413.626
2328,413.803
2330,413.979
2332,414.156
2334,414.076
2336,413.995
2338,413.915
2340,414.031
2342,414.148
2344,414.264
2346,413.925
2348,413.586
2350,413.247
2352,413.392
2354,413.538
2356,413.683
2358,413.977
2360,414.271
2362,414.565
2364,414.103
2366,413.641
2368,413.179
2370,413.166
2372,413.154
2374,413.141
2376,413.204
2378,413.266
2380,413.329
2382,413.642
2384,413.955
2386,414.268
2388,413.891
2390,413.513
2392,413.136
2394,413.135
2396,413.133
2398,413.132
2400,413.097
2700,410.485
2702,410.485
2704,410.485
2706,410.412
2708,410.34
2710,410.267
2712,410.156
2714,410.045
2716,409.934
2718,409.97
2720,410.006
2722,410.042
2724,409.861
2726,409.679
2728,409.498
2730,409.41
2732,409.323
2734,409.235
2736,409.168
2738,409.101
2740,409.034
2742,409.096
2744,409.159
2746,409.221
2748,409.208
2750,409.194
2752,409.181
2754,409.224
2756,409.268
2758,409.311
2760,409.179
2762,409.048
2764,408.916
2766,408.757
2768,408.598
2770,408.439
2772,408.373
2774,408.306
2776,408.24
2778,408.193
2780,408.146
2782,408.099
2784,408.332
2786,408.565
2788,408.798
2790,408.688
2792,408.577
2794,408.467
2796,408.438
2798,408.409
2800,408.38
2802,408.358
2804,408.337
2806,408.315
2808,408.227
2810,408.138
2812,408.05
2814,407.951
2816,407.851
2818,407.752
2820,407.746
2822,407.74
2824,407.734
2826,407.719
2828,407.704
2830,407.689
2832,407.6
2834,407.511
2836,407.422
2838,407.293
2840,407.165
2842,407.036
2844,407.165
2846,407.294
2848,407.423
2850,407.523
2852,407.623
2854,407.723
2856,407.643
2858,407.563
2860,407.483
2862,407.327
2864,407.171
2866,407.015
2868,407.119
2870,407.224
2872,407.328
2874,407.289
2876,407.249
2878,407.21
2880,407.407
2882,407.604
2884,407.801
2886,407.876
2888,407.951
2890,408.026
2892,407.832
2894,407.639
2896,407.445
2898,407.36
2900,407.275
2902,407.19
2904,407.047
2906,406.903
2908,406.76
2910,407.163
2912,407.566
2914,407.969
2916,407.55
2918,407.131
2920,406.712
2922,406.634
2924,406.555
2926,406.477
2928,406.682
2930,406.887
2932,407.092
2934,406.916
2936,406.74
2938,406.564
2940,406.478
2942,406.391
2944,406.305
2946,406.202
2948,406.099
2950,405.996
2952,405.809
2954,405.623
2956,405.436
2958,405.926
2960,406.415
2962,406.905
2964,406.725
2966,406.546
2968,406.366
2970,406.224
2972,406.082
2974,405.94
2976,405.8
2978,405.66
2980,405.52
2982,405.707
2984,405.894
2986,406.081
2988,406.163
2990,406.246
2992,406.328
2994,405.801
2996,405.273
2998,404.746
3000,404.884
3002,405.022
3004,405.16
3006,405.07
3008,404.981
3010,404.891
3012,404.677
3014,404.462
3016,404.248
3018,404.54
3020,404.831
3022,405.123
3024,405.122
3026,405.122
3028,405.121
3030,405.198
3032,405.274
3034,405.351
3036,405.154
3038,404.956
3040,404.759
3042,404.804
3044,404.85
3046,404.895
3048,404.808
3050,404.721
3052,404.634
3054,404.659
3056,404.683
3058,404.708
3060,404.578
3062,404.449
3064,404.319
3066,404.511
3068,404.703
3070,404.895
3072,404.981
3074,405.066
3076,405.152
3078,405.03
3080,404.907
3082,404.785
3084,404.556
3086,404.326
3088,404.097
3090,404.135
3092,404.174
3094,404.212
3096,404.289
3098,404.366
3100,404.443
3102,404.232
3104,404.022
3106,403.811
3108,404.025
3110,404.239
3112,404.453
3114,404.082
3116,403.711
3118,403.34
3120,403.413
3122,403.485
3124,403.558
3126,403.711
3128,403.865
3130,404.018
3132,403.767
3134,403.517
3136,403.266
3138,403.622
3140,403.978
3142,404.334
3144,404.22
3146,404.105
3148,403.991
3150,403.612
3152,403.232
3154,402.853
3156,403.023
3158,403.194
3160,403.364
3162,403.457
3164,403.549
3166,403.642
3168,403.681
3170,403.719
3172,403.758
3174,403.442
3176,403.126
3178,402.81
3180,402.923
3182,403.036
3184,403.149
3186,403.157
3188,403.166
3190,403.174
3192,403.604
3194,404.033
3196,404.463
3198,403.809
3200,403.155
3202,402.501
3204,402.57
3206,402.638
3208,402.707
3210,402.595
3212,402.482
3214,402.37
3216,402.138
3218,401.905
3220,401.673
3222,401.936
3224,402.2
3226,402.463
3228,402.136
3230,401.808
3232,401.481
3234,401.658
3236,401.835
3238,402.012
3240,402.032
3242,402.053
3244,402.073
3246,402.09
3248,402.106
3250,402.123
3252,402.178
3254,402.232
3256,402.287
3258,402.275
3260,402.263
3262,402.251
3264,401.977
3266,401.703
3268,401.429
3270,401.503
3272,401.578
3274,401.652
3276,401.708
3278,401.765
3280,401.821
3282,401.646
3284,401.47
3286,401.295
3288,401.591
3290,401.888
3292,402.184
3294,401.876
3296,401.567
3298,401.259
3300,401.297
3600,401.818
3602,401.818
3604,401.818
3606,401.564
3608,401.31
3610,401.056
3612,401.036
3614,401.017
3616,400.997
3618,400.985
3620,400.973
3622,400.961
3624,400.557
3626,400.154
3628,399.75
3630,399.845
3632,399.941
3634,400.036
3636,400.195
3638,400.355
3640,400.514
3642,400.259
3644,400.005
3646,399.75
3648,399.927
3650,400.104
3652,400.281
3654,400.158
3656,400.036
3658,399.913
3660,399.824
3662,399.734
3664,399.645
3666,399.51
3668,399.375
3670,399.24
3672,399.476
3674,399.711
3676,399.947
3678,399.926
3680,399.904
3682,399.883
3684,399.835
3686,399.786
3688,399.738
3690,399.692
3692,399.647
3694,399.601
3696,399.43
3698,399.258
3700,399.087
3702,399.32
3704,399.554
3706,399.787
3708,399.721
3710,399.655
3712,399.589
3714,399.363
3716,399.136
3718,398.91
3720,398.958
3722,399.005
3724,399.053
3726,399.068
3728,399.084
3730,399.099
3732,399.028
3734,398.958
3736,398.887
3738,398.925
3740,398.962
3742,399
3744,398.867
3746,398.733
3748,398.6
3750,398.766
3752,398.931
3754,399.097
3756,398.976
3758,398.854
3760,398.733
3762,398.485
3764,398.236
3766,397.988
3768,398.265
3770,398.542
3772,398.819
3774,398.585
3776,398.351
3778,398.117
3780,398.189
3782,398.26
3784,398.332
3786,398.417
3788,398.501
3790,398.586
3792,398.47
3794,398.353
3796,398.237
3798,398.419
3800,398.6
3802,398.782
3804,398.652
3806,398.523
3808,398.393
3810,398.164
3812,397.934
3814,397.705
3816,397.647
3818,397.589
3820,397.531
3822,397.642
3824,397.753
3826,397.864
3828,397.762
3830,397.659
3832,397.557
3834,397.59
3836,397.622
3838,397.655
3840,397.482
3842,397.309
3844,397.136
3846,397.337
3848,397.539
3850,397.74
3852,397.473
3854,397.207
3856,396.94
3858,396.96
3860,396.981
3862,397.001
3864,396.989
3866,396.977
3868,396.965
3870,396.683
3872,396.401
3874,396.119
3876,396.431
3878,396.742
3880,397.054
3882,396.88
3884,396.705
3886,396.531
3888,396.835
3890,397.139
3892,397.443
3894,397.291
3896,397.139
3898,396.987
3900,397.03
3902,397.074
3904,397.117
3906,396.939
3908,396.76
3910,396.582
3912,396.538
3914,396.494
3916,396.45
3918,396.679
3920,396.909
3922,397.138
3924,396.985
3926,396.831
3928,396.678
3930,396.499
3932,396.321
3934,396.142
3936,396.37
3938,396.598
3940,396.826
3942,396.766
3944,396.707
3946,396.647
3948,396.627
3950,396.608
3952,396.588
3954,396.303
3956,396.018
3958,395.733
3960,396.218
3962,396.703
3964,397.188
3966,397.115
3968,397.042
3970,396.969
3972,396.659
3974,396.348
3976,396.038
3978,395.938
3980,395.838
3982,395.738
3984,395.773
3986,395.809
3988,395.844
3990,395.879
3992,395.913
3994,395.948
3996,395.911
3998,395.875
4000,395.838
4002,395.84
4004,395.841
4006,395.843
4008,395.65
4010,395.456
4012,395.263
4014,395.587
4016,395.912
4018,396.236
4020,396.021
4022,395.807
4024,395.592
4026,395.594
4028,395.597
4030,395.599
4032,395.547
4034,395.496
4036,395.444
4038,395.428
4040,395.413
4042,395.397
4044,395.397
4046,395.397
4048,395.397
4050,395.306
4052,395.214
4054,395.123
4056,395.073
4058,395.023
4060,394.973
4062,395.14
4064,395.308
4066,395.475
4068,395.115
4070,394.755
4072,394.395
4074,394.691
4076,394.987
4078,395.283
4080,395.433
4082,395.582
4084,395.732
4086,395.485
4088,395.238
4090,394.991
4092,395.028
4094,395.066
4096,395.103
4098,394.98
4100,394.858
4102,394.735
4104,394.835
4106,394.935
4108,395.035
4110,395.002
4112,394.97
4114,394.937
4116,394.886
4118,394.834
4120,394.783
4122,394.536
4124,394.288
4126,394.041
4128,394.357
4130,394.672
4132,394.988
4134,394.908
4136,394.829
4138,394.749
4140,394.667
4142,394.586
4144,394.504
4146,394.416
4148,394.327
4150,394.239
4152,394.418
4154,394.598
4156,394.777
4158,394.527
4160,394.277
4162,394.027
4164,393.993
4166,393.96
4168,393.926
4170,394.271
4172,394.617
4174,394.962
4176,394.501
4178,394.041
4180,393.58
4182,393.648
4184,393.717
4186,393.785
4188,393.941
4190,394.098
4192,394.254
4194,394.205
4196,394.155
4198,394.106
4200,394.053
4500,394.213
4502,394.213
4504,394.213
4506,393.928
4508,393.644
4510,393.359
4512,393.608
4514,393.856
4516,394.105
4518,393.808
4520,393.511
4522,393.214
4524,393.516
4526,393.818
4528,394.12
4530,393.808
4532,393.497
4534,393.185
4536,392.935
4538,392.686
4540,392.436
4542,392.821
4544,393.207
4546,393.592
4548,393.521
4550,393.45
4552,393.379
4554,393.136
4556,392.894
4558,392.651
4560,393.275
4562,393.899
4564,394.523
4566,393.991
4568,393.458
4570,392.926
4572,392.91
4574,392.893
4576,392.877
4578,392.856
4580,392.836
4582,392.815
4584,392.919
4586,393.022
4588,393.126
4590,393.238
4592,393.349
4594,393.461
4596,393.319
4598,393.178
4600,393.036
4602,392.73
4604,392.423
4606,392.117
4608,392.356
4610,392.595
4612,392.834
4614,392.631
4616,392.428
4618,392.225
4620,392.559
4622,392.893
4624,393.227
4626,392.877
4628,392.526
4630,392.176
4632,392.106
4634,392.036
4636,391.966
4638,391.889
4640,391.812
4642,391.735
4644,391.901
4646,392.066
4648,392.232
4650,392.195
4652,392.159
4654,392.122
4656,391.764
4658,391.406
4660,391.048
4662,391.513
4664,391.978
4666,392.443
4668,392.184
4670,391.924
4672,391.665
4674,391.508
4676,391.352
4678,391.195
4680,391.566
4682,391.938
4684,392.309
4686,392.112
4688,391.915
4690,391.718
4692,392.036
4694,392.355
4696,392.673
4698,392.504
4700,392.334
4702,392.165
4704,392.198
4706,392.23
4708,392.263
4710,392.025
4712,391.787
4714,391.549
4716,391.464
4718,391.378
4720,391.293
4722,391.454
4724,391.616
4726,391.777
4728,391.866
4730,391.955
4732,392.044
4734,391.818
4736,391.591
4738,391.365
4740,391.275
4742,391.185
4744,391.095
4746,391.123
4748,391.15
4750,391.178
4752,391.348
4754,391.517
4756,391.687
4758,391.34
4760,390.992
4762,390.645
4764,390.87
4766,391.095
4768,391.32
4770,391.266
4772,391.212
4774,391.158
4776,391.171
4778,391.183
4780,391.196
4782,391.011
4784,390.826
4786,390.641
4788,390.628
4790,390.615
4792,390.602
4794,390.565
4796,390.527
4798,390.49
4800,390.723
4802,390.955
4804,391.188
4806,391.091
4808,390.994
4810,390.897
4812,390.507
4814,390.118
4816,389.728
4818,390.028
4820,390.328
4822,390.628
4824,390.642
4826,390.656
4828,390.67
4830,390.2
4832,389.729
4834,389.259
4836,390.174
4838,391.089
4840,392.004
4842,391.545
4844,391.086
4846,390.627
4848,390.488
4850,390.35
4852,390.211
4854,390.37
4856,390.528
4858,390.687
4860,390.441
4862,390.195
4864,389.949
4866,390.185
4868,390.422
4870,390.658
4872,390.566
4874,390.474
4876,390.382
4878,390.096
4880,389.809
4882,389.523
4884,389.505
4886,389.488
4888,389.47
4890,389.434
4892,389.397
4894,389.361
4896,389.582
4898,389.803
4900,390.024
4902,390.05
4904,390.077
4906,390.103
4908,390.161
4910,390.219
4912,390.277
4914,390.15
4916,390.023
4918,389.896
4920,390.11
4922,390.323
4924,390.537
4926,390.379
4928,390.222
4930,390.064
4932,389.791
4934,389.519
4936,389.246
4938,389.398
4940,389.549
4942,389.701
4944,389.576
4946,389.45
4948,389.325
4950,389.461
4952,389.596
4954,389.732
4956,389.602
4958,389.472
4960,389.342
4962,389.425
4964,389.508
4966,389.591
4968,389.47
4970,389.35
4972,389.229
4974,389.499
4976,389.77
4978,390.04
4980,389.897
4982,389.754
4984,389.611
4986,389.483
4988,389.354
4990,389.226
4992,389.114
4994,389.001
4996,388.889
4998,389.015
5000,389.14
5002,389.266
5004,389.24
5006,389.214
5008,389.188
5010,389.099
5012,389.011
5014,388.922
5016,388.986
5018,389.051
5020,389.115
5022,388.804
5024,388.494
5026,388.183
5028,388.42
5030,388.656
5032,388.893
5034,388.768
5036,388.643
5038,388.518
5040,388.659
5042,388.801
5044,388.942
5046,389.153
5048,389.364
5050,389.575
5052,389.483
5054,389.392
5056,389.3
5058,389.08
5060,388.861
5062,388.641
5064,388.93
5066,389.218
5068,389.507
5070,389.358
5072,389.208
5074,389.059
5076,389.054
5078,389.05
5080,389.045
5082,388.895
5084,388.745
5086,388.595
5088,388.655
5090,388.714
5092,388.774
5094,388.766
5096,388.758
5098,388.75
5100,388.528
5400,388.862
5402,388.862
5404,388.862
5406,388.832
5408,388.802
5410,388.772
5412,388.595
5414,388.417
5416,388.24
5418,388.226
5420,388.212
5422,388.198
5424,388.323
5426,388.447
5428,388.572
5430,388.392
5432,388.211
5434,388.031
5436,387.879
5438,387.727
5440,387.575
5442,387.764
5444,387.953
5446,388.142
5448,388.071
5450,388
5452,387.929
5454,387.916
5456,387.902
5458,387.889
5460,387.751
5462,387.613
5464,387.475
5466,387.586
5468,387.697
5470,387.808
5472,387.79
5474,387.771
5476,387.753
5478,387.594
5480,387.434
5482,387.275
5484,387.125
5486,386.974
5488,386.824
5490,387.174
5492,387.523
5494,387.873
5496,387.855
5498,387.838
5500,387.82
5502,387.766
5504,387.711
5506,387.657
5508,387.605
5510,387.554
5512,387.502
5514,387.153
5516,386.804
5518,386.455
5520,386.651
5522,386.847
5524,387.043
5526,386.817
5528,386.592
5530,386.366
5532,386.78
5534,387.193
5536,387.607
5538,387.503
5540,387.399
5542,387.295
5544,387.353
5546,387.41
5548,387.468
5550,387.391
5552,387.313
5554,387.236
5556,387.277
5558,387.319
5560,387.36
5562,387.332
5564,387.305
5566,387.277
5568,387.203
5570,387.13
5572,387.056
5574,387.099
5576,387.142
5578,387.185
5580,387.04
5582,386.896
5584,386.751
5586,386.721
5588,386.692
5590,386.662
5592,386.597
5594,386.532
5596,386.467
5598,386.536
5600,386.604
5602,386.673
5604,386.642
5606,386.61
5608,386.579
5610,386.567
5612,386.556
5614,386.544
5616,386.541
5618,386.537
5620,386.534
5622,386.637
5624,386.74
5626,386.843
5628,386.695
5630,386.546
5632,386.398
5634,386.49
5636,386.582
5638,386.674
5640,386.734
5642,386.793
5644,386.853
5646,386.787
5648,386.721
5650,386.655
5652,386.472
5654,386.29
5656,386.107
5658,386.133
5660,386.158
5662,386.184
5664,386.487
5666,386.791
5668,387.094
5670,386.903
5672,386.713
5674,386.522
5676,386.442
5678,386.363
5680,386.283
5682,386.372
5684,386.46
5686,386.549
5688,386.224
5690,385.9
5692,385.575
5694,385.601
5696,385.626
5698,385.652
5700,385.699
5702,385.746
5704,385.793
5706,386.053
5708,386.314
5710,386.574
5712,386.313
5714,386.053
5716,385.792
5718,386.037
5720,386.283
5722,386.528
5724,386.45
5726,386.371
5728,386.293
5730,386.077
5732,385.86
5734,385.644
5736,385.714
5738,385.785
5740,385.855
5742,385.764
5744,385.673
5746,385.582
5748,385.542
5750,385.501
5752,385.461
5754,385.628
5756,385.796
5758,385.963
5760,385.89
5762,385.817
5764,385.744
5766,385.852
5768,385.959
5770,386.067
5772,385.991
5774,385.915
5776,385.839
5778,385.689
5780,385.539
5782,385.389
5784,385.642
5786,385.895
5788,386.148
5790,385.746
5792,385.344
5794,384.942
5796,385.302
5798,385.663
5800,386.023
5802,385.851
5804,385.678
5806,385.506
5808,385.531
5810,385.556
5812,385.581
5814,385.447
5816,385.314
5818,385.18
5820,385.483
5822,385.785
5824,386.088
5826,385.749
5828,385.411
5830,385.072
5832,385.088
5834,385.104
5836,385.12
5838,385.233
5840,385.345
5842,385.458
5844,385.123
5846,384.789
5848,384.454
5850,384.439
5852,384.425
5854,384.41
5856,384.71
5858,385.011
5860,385.311
5862,385.362
5864,385.413
5866,385.464
5868,385.37
5870,385.277
5872,385.183
5874,385.047
5876,384.91
5878,384.774
5880,384.647
5882,384.521
5884,384.394
5886,384.608
5888,384.823
5890,385.037
5892,384.782
5894,384.528
5896,384.273
5898,384.333
5900,384.392
5902,384.452
5904,384.659
5906,384.867
5908,385.074
5910,385.075
5912,385.076
5914,385.077
5916,384.775
5918,384.472
5920,384.17
5922,384.203
5924,384.237
5926,384.27
5928,384.291
5930,384.313
5932,384.334
5934,384.401
5936,384.469
5938,384.536
5940,384.478
5942,384.42
5944,384.362
5946,384.423
5948,384.483
5950,384.544
5952,384.373
5954,384.201
5956,384.03
5958,384.19
5960,384.35
5962,384.51
5964,384.429
5966,384.347
5968,384.266
5970,384.415
5972,384.565
5974,384.714
5976,384.546
5978,384.379
5980,384.211
5982,384.208
5984,384.206
5986,384.203
5988,384.251
5990,384.298
5992,384.346
5994,384.397
5996,384.448
5998,384.499
6000,384.178
6300,384.914
6302,384.914
6304,384.914
6306,384.646
6308,384.379
6310,384.111
6312,383.832
6314,383.552
6316,383.273
6318,383.807
6320,384.34
6322,384.874
6324,384.559
6326,384.244
6328,383.929
6330,383.779
6332,383.63
6334,383.48
6336,383.448
6338,383.417
6340,383.385
6342,383.374
6344,383.364
6346,383.353
6348,383.465
6350,383.578
6352,383.69
6354,383.496
6356,383.303
6358,383.109
6360,383.297
6362,383.486
6364,383.674
6366,383.665
6368,383.657
6370,383.648
6372,383.468
6374,383.287
6376,383.107
6378,383.238
6380,383.368
6382,383.499
6384,383.663
6386,383.826
6388,383.99
6390,383.735
6392,383.479
6394,383.224
6396,382.985
6398,382.745
6400,382.506
6402,382.966
6404,383.427
6406,383.887
6408,383.727
6410,383.566
6412,383.406
6414,383.372
6416,383.337
6418,383.303
6420,383.158
6422,383.012
6424,382.867
6426,382.879
6428,382.891
6430,382.903
6432,382.792
6434,382.68
6436,382.569
6438,382.879
6440,383.19
6442,383.5
6444,383.436
6446,383.372
6448,383.308
6450,383.091
6452,382.873
6454,382.656
6456,382.613
6458,382.571
6460,382.528
6462,382.708
6464,382.888
6466,383.068
6468,382.799
6470,382.531
6472,382.262
6474,382.487
6476,382.711
6478,382.936
6480,383.07
6482,383.205
6484,383.339
6486,383.08
6488,382.822
6490,382.563
6492,382.4
6494,382.236
6496,382.073
6498,382.121
6500,382.17
6502,382.218
6504,382.401
6506,382.583
6508,382.766
6510,382.609
6512,382.451
6514,382.294
6516,382.161
6518,382.027
6520,381.894
6522,381.868
6524,381.843
6526,381.817
6528,381.721
6530,381.624
6532,381.528
6534,381.847
6536,382.166
6538,382.485
6540,382.644
6542,382.804
6544,382.963
6546,382.631
6548,382.299
6550,381.967
6552,382.036
6554,382.106
6556,382.175
6558,382.336
6560,382.497
6562,382.658
6564,382.465
6566,382.273
6568,382.08
6570,382.214
6572,382.349
6574,382.483
6576,382.265
6578,382.047
6580,381.829
6582,381.756
6584,381.684
6586,381.611
6588,381.576
6590,381.54
6592,381.505
6594,381.465
6596,381.426
6598,381.386
6600,381.463
6602,381.541
6604,381.618
6606,381.669
6608,381.719
6610,381.77
6612,381.752
6614,381.733
6616,381.715
6618,381.749
6620,381.782
6622,381.816
6624,381.833
6626,381.851
6628,381.868
6630,381.758
6632,381.649
6634,381.539
6636,381.668
6638,381.796
6640,381.925
6642,381.673
6644,381.422
6646,381.17
6648,381.387
6650,381.604
6652,381.821
6654,381.775
6656,381.729
6658,381.683
6660,381.89
6662,382.096
6664,382.303
6666,382.031
6668,381.758
6670,381.486
6672,381.219
6674,380.953
6676,380.686
6678,380.993
6680,381.299
6682,381.606
6684,381.587
6686,381.569
6688,381.55
6690,381.181
6692,380.812
6694,380.443
6696,380.785
6698,381.127
6700,381.469
6702,381.433
6704,381.397
6706,381.361
6708,380.952
6710,380.544
6712,380.135
6714,380.258
6716,380.38
6718,380.503
6720,380.762
6722,381.022
6724,381.281
6726,380.782
6728,380.284
6730,379.785
6732,380.005
6734,380.224
6736,380.444
6738,380.483
6740,380.521
6742,380.56
6744,380.502
6746,380.445
6748,380.387
6750,380.565
6752,380.744
6754,380.922
6756,380.738
6758,380.554
6760,380.37
6762,380.322
6764,380.274
6766,380.226
6768,380.127
6770,380.028
6772,379.929
6774,380.066
6776,380.204
6778,380.341
6780,380.461
6782,380.582
6784,380.702
6786,380.623
6788,380.544
6790,380.465
6792,380.595
6794,380.725
6796,380.855
6798,380.711
6800,380.568
6802,380.424
6804,380.308
6806,380.193
6808,380.077
6810,379.703
6812,379.328
6814,378.954
6816,379.107
6818,379.261
6820,379.414
6822,379.599
6824,379.783
6826,379.968
6828,379.888
6830,379.809
6832,379.729
6834,379.681
6836,379.632
6838,379.584
6840,379.426
6842,379.267
6844,379.109
6846,379.289
6848,379.469
6850,379.649
6852,379.502
6854,379.355
6856,379.208
6858,379.459
6860,379.71
6862,379.961
6864,379.752
6866,379.544
6868,379.335
6870,379.348
6872,379.361
6874,379.374
6876,379.539
6878,379.703
6880,379.868
6882,379.613
6884,379.357
6886,379.102
6888,379.013
6890,378.924
6892,378.835
6894,378.795
6896,378.755
6898,378.715
6900,378.551
7200,379.893
7202,379.893
7204,379.893
7206,379.708
7208,379.523
7210,379.338
7212,379.642
7214,379.946
7216,380.25
7218,379.977
7220,379.704
7222,379.431
7224,379.317
7226,379.202
7228,379.088
7230,379.153
7232,379.219
7234,379.284
7236,379.318
7238,379.352
7240,379.386
7242,379.21
7244,379.035
7246,378.859
7248,378.834
7250,378.81
7252,378.785
7254,378.812
7256,378.839
7258,378.866
7260,378.685
7262,378.504
7264,378.323
7266,378.264
7268,378.206
7270,378.147
7272,378.123
7274,378.099
7276,378.075
7278,378.109
7280,378.144
7282,378.178
7284,378.135
7286,378.092
7288,378.049
7290,378.103
7292,378.158
7294,378.212
7296,378.099
7298,377.986
7300,377.873
7302,378.126
7304,378.38
7306,378.633
7308,378.224
7310,377.815
7312,377.406
7314,377.449
7316,377.492
7318,377.535
7320,377.739
7322,377.944
7324,378.148
7326,377.793
7328,377.439
7330,377.084
7332,377.286
7334,377.487
7336,377.689
7338,377.766
7340,377.844
7342,377.921
7344,377.784
7346,377.647
7348,377.51
7350,377.731
7352,377.952
7354,378.173
7356,377.659
7358,377.144
7360,376.63
7362,376.799
7364,376.969
7366,377.138
7368,377.025
7370,376.912
7372,376.799
7374,376.928
7376,377.056
7378,377.185
7380,377.265
7382,377.344
7384,377.424
7386,377.305
7388,377.187
7390,377.068
7392,377.253
7394,377.439
7396,377.624
7398,377.383
7400,377.141
7402,376.9
7404,376.92
7406,376.94
7408,376.96
7410,376.889
7412,376.818
7414,376.747
7416,376.947
7418,377.146
7420,377.346
7422,377.368
7424,377.389
7426,377.411
7428,377.023
7430,376.636
7432,376.248
7434,376.428
7436,376.608
7438,376.788
7440,376.554
7442,376.319
7444,376.085
7446,376.288
7448,376.491
7450,376.694
7452,376.74
7454,376.787
7456,376.833
7458,376.695
7460,376.558
7462,376.42
7464,376.473
7466,376.527
7468,376.58
7470,376.526
7472,376.472
7474,376.418
7476,376.746
7478,377.074
7480,377.402
7482,377.032
7484,376.662
7486,376.292
7488,376.114
7490,375.937
7492,375.759
7494,376.052
7496,376.344
7498,376.637
7500,376.384
7502,376.13
7504,375.877
7506,375.933
7508,375.989
7510,376.045
7512,375.942
7514,375.84
7516,375.737
7518,375.774
7520,375.811
7522,375.848
7524,376.058
7526,376.269
7528,376.479
7530,376.361
7532,376.242
7534,376.124
7536,376.083
7538,376.042
7540,376.001
7542,376.046
7544,376.09
7546,376.135
7548,376.114
7550,376.092
7552,376.071
7554,375.93
7556,375.79
7558,375.649
7560,375.707
7562,375.765
7564,375.823
7566,375.867
7568,375.912
7570,375.956
7572,375.541
7574,375.126
7576,374.711
7578,375.171
7580,375.63
7582,376.09
7584,376.097
7586,376.103
7588,376.11
7590,376.095
7592,376.079
7594,376.064
7596,375.678
7598,375.292
7600,374.906
7602,375.06
7604,375.213
7606,375.367
7608,375.319
7610,375.272
7612,375.224
7614,375.319
7616,375.414
7618,375.509
7620,375.928
7622,376.348
7624,376.767
7626,376.135
7628,375.503
7630,374.871
7632,375.292
7634,375.713
7636,376.134
7638,375.887
7640,375.639
7642,375.392
7644,375.318
7646,375.243
7648,375.169
7650,375.162
7652,375.154
7654,375.147
7656,374.988
7658,374.829
7660,374.67
7662,374.782
7664,374.895
7666,375.007
7668,374.756
7670,374.506
7672,374.255
7674,374.387
7676,374.52
7678,374.652
7680,374.886
7682,375.119
7684,375.353
7686,375.282
7688,375.212
7690,375.141
7692,375.058
7694,374.975
7696,374.892
7698,374.906
7700,374.92
7702,374.934
7704,375.056
7706,375.177
7708,375.299
7710,375.134
7712,374.969
7714,374.804
7716,374.978
7718,375.151
7720,375.325
7722,375.209
7724,375.093
7726,374.977
7728,374.81
7730,374.643
7732,374.476
7734,374.536
7736,374.596
7738,374.656
7740,374.735
7742,374.813
7744,374.892
7746,374.728
7748,374.565
7750,374.401
7752,374.327
7754,374.254
7756,374.18
7758,374.165
7760,374.151
7762,374.136
7764,374.257
7766,374.378
7768,374.499
7770,374.459
7772,374.42
7774,374.38
7776,374.508
7778,374.636
7780,374.764
7782,374.536
7784,374.309
7786,374.081
7788,374.306
7790,374.532
7792,374.757
7794,374.617
7796,374.476
7798,374.336
7800,374.213
8100,374.74
8102,374.74
8104,374.74
8106,374.773
8108,374.807
8110,374.84
8112,374.951
8114,375.061
8116,375.172
8118,374.914
8120,374.657
8122,374.399
8124,374.29
8126,374.18
8128,374.071
8130,374.207
8132,374.344
8134,374.48
8136,374.421
8138,374.361
8140,374.302
8142,374.208
8144,374.113
8146,374.019
8148,373.763
8150,373.506
8152,373.25
8154,373.689
8156,374.127
8158,374.566
8160,374.352
8162,374.138
8164,373.924
8166,374.011
8168,374.099
8170,374.186
8172,374.198
8174,374.211
8176,374.223
8178,374.139
8180,374.054
8182,373.97
8184,374.035
8186,374.099
8188,374.164
8190,374.187
8192,374.211
8194,374.234
8196,374.304
8198,374.375
8200,374.445
8202,374.194
8204,373.943
8206,373.692
8208,373.912
8210,374.132
8212,374.352
8214,374.089
8216,373.825
8218,373.562
8220,373.796
8222,374.029
8224,374.263
8226,374.138
8228,374.013
8230,373.888
8232,373.888
8234,373.887
8236,373.887
8238,373.684
8240,373.482
8242,373.279
8244,373.325
8246,373.371
8248,373.417
8250,373.716
8252,374.016
8254,374.315
8256,373.755
8258,373.195
8260,372.635
8262,372.703
8264,372.771
8266,372.839
8268,372.897
8270,372.954
8272,373.012
8274,373.182
8276,373.353
8278,373.523
8280,373.692
8282,373.86
8284,374.029
8286,373.82
8288,373.61
8290,373.401
8292,373.415
8294,373.429
8296,373.443
8298,373.324
8300,373.206
8302,373.087
8304,373.216
8306,373.346
8308,373.475
8310,373.461
8312,373.446
8314,373.432
8316,373.239
8318,373.045
8320,372.852
8322,372.869
8324,372.885
8326,372.902
8328,372.879
8330,372.857
8332,372.834
8334,372.848
8336,372.863
8338,372.877
8340,372.82
8342,372.764
8344,372.707
8346,373.155
8348,373.604
8350,374.052
8352,373.619
8354,373.187
8356,372.754
8358,373.048
8360,373.343
8362,373.637
8364,373.508
8366,373.379
8368,373.25
8370,373.073
8372,372.895
8374,372.718
8376,372.823
8378,372.929
8380,373.034
8382,372.964
8384,372.895
8386,372.825
8388,372.779
8390,372.734
8392,372.688
8394,372.819
8396,372.95
8398,373.081
8400,373.086
8402,373.091
8404,373.096
8406,372.914
8408,372.731
8410,372.549
8412,372.633
8414,372.716
8416,372.8
8418,372.577
8420,372.354
8422,372.131
8424,372.441
8426,372.75
8428,373.06
8430,372.666
8432,372.271
8434,371.877
8436,372.194
8438,372.511
8440,372.828
8442,372.511
8444,372.194
8446,371.877
8448,372.128
8450,372.379
8452,372.63
8454,372.432
8456,372.233
8458,372.035
8460,372.184
8462,372.333
8464,372.482
8466,372.431
8468,372.38
8470,372.329
8472,372.446
8474,372.564
8476,372.681
8478,372.661
8480,372.64
8482,372.62
8484,372.707
8486,372.795
8488,372.882
8490,372.6
8492,372.318
8494,372.036
8496,371.931
8498,371.826
8500,371.721
8502,371.731
8504,371.742
8506,371.752
8508,372.216
8510,372.68
8512,373.144
8514,372.939
8516,372.734
8518,372.529
8520,372.437
8522,372.344
8524,372.252
8526,372.331
8528,372.41
8530,372.489
8532,372.437
8534,372.384
8536,372.332
8538,372.333
8540,372.333
8542,372.334
8544,372.208
8546,372.082
8548,371.956
8550,371.876
8552,371.797
8554,371.717
8556,371.783
8558,371.849
8560,371.915
8562,371.984
8564,372.054
8566,372.123
8568,371.933
8570,371.743
8572,371.553
8574,371.401
8576,371.249
8578,371.097
8580,371.32
8582,371.543
8584,371.766
8586,371.97
8588,372.174
8590,372.378
8592,372.09
8594,371.803
8596,371.515
8598,371.626
8600,371.736
8602,371.847
8604,371.844
8606,371.841
8608,371.838
8610,371.888
8612,371.938
8614,371.988
8616,371.96
8618,371.932
8620,371.904
8622,371.924
8624,371.944
8626,371.964
8628,371.866
8630,371.768
8632,371.67
8634,371.503
8636,371.337
8638,371.17
8640,371.095
8642,371.021
8644,370.946
8646,371.275
8648,371.605
8650,371.934
8652,371.656
8654,371.378
8656,371.1
8658,370.976
8660,370.852
8662,370.728
8664,370.713
8666,370.697
8668,370.682
8670,370.811
8672,370.939
8674,371.068
8676,370.952
8678,370.835
8680,370.719
8682,370.934
8684,371.15
8686,371.365
8688,371.194
8690,371.024
8692,370.853
8694,370.739
8696,370.625
8698,370.511
8700,370.819
9000,372.249
9002,372.249
9004,372.249
9006,372.519
9008,372.79
9010,373.06
9012,372.854
9014,372.648
9016,372.442
9018,372.226
9020,372.01
9022,371.794
9024,372.027
9026,372.261
9028,372.494
9030,372.084
9032,371.674
9034,371.264
9036,371.47
9038,371.675
9040,371.881
9042,372.016
9044,372.152
9046,372.287
9048,372.216
9050,372.146
9052,372.075
9054,371.834
9056,371.593
9058,371.352
9060,371.545
9062,371.737
9064,371.93
9066,371.682
9068,371.435
9070,371.187
9072,371.39
9074,371.593
9076,371.796
9078,371.61
9080,371.423
9082,371.237
9084,371.419
9086,371.6
9088,371.782
9090,371.698
9092,371.613
9094,371.529
9096,371.425
9098,371.322
9100,371.218
9102,371.356
9104,371.495
9106,371.633
9108,371.273
9110,370.914
9112,370.554
9114,370.583
9116,370.611
9118,370.64
9120,370.763
9122,370.887
9124,371.01
9126,371.156
9128,371.301
9130,371.447
9132,371.394
9134,371.34
9136,371.287
9138,371.288
9140,371.29
9142,371.291
9144,371.527
9146,371.762
9148,371.998
9150,371.98
9152,371.963
9154,371.945
9156,371.687
9158,371.428
9160,371.17
9162,371.124
9164,371.079
9166,371.033
9168,371.169
9170,371.306
9172,371.442
9174,371.152
9176,370.861
9178,370.571
9180,370.648
9182,370.725
9184,370.802
9186,370.922
9188,371.041
9190,371.161
9192,371.281
9194,371.4
9196,371.52
9198,371.659
9200,371.799
9202,371.938
9204,371.475
9206,371.012
9208,370.549
9210,370.58
9212,370.611
9214,370.642
9216,370.69
9218,370.738
9220,370.786
9222,370.718
9224,370.649
9226,370.581
9228,370.884
9230,371.187
9232,371.49
9234,371.205
9236,370.919
9238,370.634
9240,370.582
9242,370.529
9244,370.477
9246,370.628
9248,370.78
9250,370.931
9252,370.999
9254,371.068
9256,371.136
9258,370.895
9260,370.653
9262,370.412
9264,370.512
9266,370.611
9268,370.711
9270,370.777
9272,370.843
9274,370.909
9276,370.747
9278,370.586
9280,370.424
9282,370.441
9284,370.457
9286,370.474
9288,370.486
9290,370.499
9292,370.511
9294,370.37
9296,370.229
9298,370.088
9300,370.275
9302,370.461
9304,370.648
9306,370.38
9308,370.111
9310,369.843
9312,369.945
9314,370.046
9316,370.148
9318,370.139
9320,370.131
9322,370.122
9324,370.134
9326,370.145
9328,370.157
9330,369.88
9332,369.602
9334,369.325
9336,369.32
9338,369.316
9340,369.311
9342,369.429
9344,369.546
9346,369.664
9348,369.644
9350,369.625
9352,369.605
9354,369.571
9356,369.537
9358,369.503
9360,369.416
9362,369.33
9364,369.243
9366,369.407
9368,369.57
9370,369.734
9372,369.604
9374,369.473
9376,369.343
9378,369.327
9380,369.31
9382,369.294
9384,369.176
9386,369.058
9388,368.94
9390,369.218
9392,369.495
9394,369.773
9396,369.626
9398,369.48
9400,369.333
9402,369.271
9404,369.209
9406,369.147
9408,369.218
9410,369.288
9412,369.359
9414,369.364
9416,369.37
9418,369.375
9420,369.331
9422,369.286
9424,369.242
9426,369.098
9428,368.953
9430,368.809
9432,368.736
9434,368.662
9436,368.589
9438,368.716
9440,368.843
9442,368.97
9444,369.06
9446,369.149
9448,369.239
9450,368.832
9452,368.425
9454,368.018
9456,368.548
9458,369.079
9460,369.609
9462,369.403
9464,369.196
9466,368.99
9468,368.854
9470,368.717
9472,368.581
9474,368.637
9476,368.693
9478,368.749
9480,368.644
9482,368.54
9484,368.435
9486,368.51
9488,368.586
9490,368.661
9492,368.45
9494,368.238
9496,368.027
9498,368.147
9500,368.268
9502,368.388
9504,368.501
9506,368.613
9508,368.726
9510,368.546
9512,368.366
9514,368.186
9516,368.177
9518,368.168
9520,368.159
9522,367.932
9524,367.705
9526,367.478
9528,367.912
9530,368.345
9532,368.779
9534,368.501
9536,368.224
9538,367.946
9540,368.015
9542,368.083
9544,368.152
9546,368.003
9548,367.853
9550,367.704
9552,367.767
9554,367.831
9556,367.894
9558,367.971
9560,368.049
9562,368.126
9564,368.12
9566,368.115
9568,368.109
9570,368.016
9572,367.924
9574,367.831
9576,367.647
9578,367.464
9580,367.28
9582,367.558
9584,367.836
9586,368.114
9588,368.196
9590,368.279
9592,368.361
9594,368.044
9596,367.726
9598,367.409
9600,367.416
9900,368.868
9902,368.868
9904,368.868
9906,368.894
9908,368.919
9910,368.945
9912,368.684
9914,368.423
9916,368.162
9918,368.481
9920,368.799
9922,369.118
9924,368.993
9926,368.867
9928,368.742
9930,368.61
9932,368.478
9934,368.346
9936,368.215
9938,368.083
9940,367.952
9942,368.025
9944,368.097
9946,368.17
9948,368.181
9950,368.193
9952,368.204
9954,368.092
9956,367.981
9958,367.869
9960,368.085
9962,368.301
9964,368.517
9966,368.472
9968,368.428
9970,368.383
9972,368.485
9974,368.588
9976,368.69
9978,368.376
9980,368.062
9982,367.748
9984,367.973
9986,368.199
9988,368.424
9990,368.317
9992,368.211
9994,368.104
9996,368.089
9998,368.074
10000,368.059
10002,367.976
10004,367.892
10006,367.809
10008,368.015
10010,368.221
10012,368.427
10014,368.361
10016,368.294
10018,368.228
10020,367.918
10022,367.608
10024,367.298
10026,367.468
10028,367.639
10030,367.809
10032,367.809
10034,367.809
10036,367.809
10038,367.851
10040,367.893
10042,367.935
10044,368.022
10046,368.109
10048,368.196
10050,368.001
10052,367.805
10054,367.61
10056,367.806
10058,368.003
10060,368.199
10062,368.095
10064,367.992
10066,367.888
10068,367.719
10070,367.551
10072,367.382
10074,367.334
10076,367.286
10078,367.238
10080,367.194
10082,367.15
10084,367.106
10086,367.152
10088,367.199
10090,367.245
10092,367.14
10094,367.034
10096,366.929
10098,366.981
10100,367.032
10102,367.084
10104,367.023
10106,366.962
10108,366.901
10110,367.038
10112,367.176
10114,367.313
10116,367.291
10118,367.268
10120,367.246
10122,367.095
10124,366.943
10126,366.792
10128,366.975
10130,367.157
10132,367.34
10134,367.488
10136,367.635
10138,367.783
10140,367.582
10142,367.381
10144,367.18
10146,367.233
10148,367.285
10150,367.338
10152,367.23
10154,367.123
10156,367.015
10158,367.039
10160,367.062
10162,367.086
10164,367.064
10166,367.042
10168,367.02
10170,367.083
10172,367.145
10174,367.208
10176,367.018
10178,366.828
10180,366.638
10182,366.73
10184,366.822
10186,366.914
10188,366.733
10190,366.553
10192,366.372
10194,366.645
10196,366.917
10198,367.19
10200,367.043
10202,366.897
10204,366.75
10206,366.703
10208,366.657
10210,366.61
10212,366.73
10214,366.849
10216,366.969
10218,366.771
10220,366.573
10222,366.375
10224,366.2
10226,366.026
10228,365.851
10230,366.139
10232,366.427
10234,366.715
10236,366.758
10238,366.802
10240,366.845
10242,366.805
10244,366.764
10246,366.724
10248,366.474
10250,366.225
10252,365.975
10254,366.192
10256,366.408
10258,366.625
10260,366.362
10262,366.099
10264,365.836
10266,366.062
10268,366.288
10270,366.514
10272,366.592
10274,366.669
10276,366.747
10278,366.429
10280,366.11
10282,365.792
10284,366.015
10286,366.239
10288,366.462
10290,366.286
10292,366.111
10294,365.935
10296,365.986
10298,366.037
10300,366.088
10302,366.066
10304,366.045
10306,366.023
10308,366.248
10310,366.473
10312,366.698
10314,366.63
10316,366.561
10318,366.493
10320,366.576
10322,366.659
10324,366.742
10326,366.62
10328,366.498
10330,366.376
10332,366.28
10334,366.184
10336,366.088
10338,365.897
10340,365.707
10342,365.516
10344,365.699
10346,365.881
10348,366.064
10350,366.121
10352,366.178
10354,366.235
10356,365.991
10358,365.747
10360,365.503
10362,365.542
10364,365.582
10366,365.621
10368,365.818
10370,366.016
10372,366.213
10374,365.966
10376,365.72
10378,365.473
10380,365.464
10382,365.454
10384,365.445
10386,365.614
10388,365.782
10390,365.951
10392,365.921
10394,365.892
10396,365.862
10398,366.042
10400,366.221
10402,366.401
10404,366.213
10406,366.025
10408,365.837
10410,365.637
10412,365.438
10414,365.238
10416,365.402
10418,365.566
10420,365.73
10422,365.715
10424,365.7
10426,365.685
10428,365.792
10430,365.9
10432,366.007
10434,365.917
10436,365.828
10438,365.738
10440,365.641
10442,365.543
10444,365.446
10446,365.448
10448,365.45
10450,365.452
10452,365.425
10454,365.398
10456,365.371
10458,365.346
10460,365.322
10462,365.297
10464,365.172
10466,365.048
10468,364.923
10470,365.391
10472,365.86
10474,366.328
10476,366
10478,365.673
10480,365.345
10482,365.434
10484,365.523
10486,365.612
10488,365.49
10490,365.369
10492,365.247
10494,365.217
10496,365.188
10498,365.158
10500,365.28
10800,367.2
10802,367.2
10804,367.2
10806,366.959
10808,366.717
10810,366.476
10812,366.323
10814,366.169
10816,366.016
10818,366.225
10820,366.433
10822,366.642
10824,366.303
10826,365.964
10828,365.625
10830,365.841
10832,366.056
10834,366.272
10836,366.054
10838,365.835
10840,365.617
10842,365.561
10844,365.506
10846,365.45
10848,365.402
10850,365.354
10852,365.306
10854,365.623
10856,365.941
10858,366.258
10860,366.361
10862,366.463
10864,366.566
10866,366.452
10868,366.338
10870,366.224
10872,366.123
10874,366.022
10876,365.921
10878,365.856
10880,365.79
10882,365.725
10884,365.784
10886,365.842
10888,365.901
10890,365.666
10892,365.431
10894,365.196
10896,365.061
10898,364.927
10900,364.792
10902,365.023
10904,365.254
10906,365.485
10908,365.5
10910,365.514
10912,365.529
10914,365.828
10916,366.128
10918,366.427
10920,366.18
10922,365.932
10924,365.685
10926,365.53
10928,365.376
10930,365.221
10932,365.147
10934,365.073
10936,364.999
10938,365.153
10940,365.307
10942,365.461
10944,365.462
10946,365.464
10948,365.465
10950,365.396
10952,365.328
10954,365.259
10956,365.124
10958,364.988
10960,364.853
10962,365.002
10964,365.15
10966,365.299
10968,365.311
10970,365.322
10972,365.334
10974,365.392
10976,365.451
10978,365.509
10980,365.142
10982,364.775
10984,364.408
10986,364.439
10988,364.47
10990,364.501
10992,364.633
10994,364.765
10996,364.897
10998,364.73
11000,364.563
11002,364.396
11004,364.421
11006,364.447
11008,364.472
11010,364.481
11012,364.49
11014,364.499
11016,364.578
11018,364.656
11020,364.735
11022,364.67
11024,364.604
11026,364.539
11028,364.799
11030,365.06
11032,365.32
11034,365.263
11036,365.205
11038,365.148
11040,364.958
11042,364.769
11044,364.579
11046,364.518
11048,364.456
11050,364.395
11052,364.421
11054,364.448
11056,364.474
11058,364.692
11060,364.91
11062,365.128
11064,364.974
11066,364.819
11068,364.665
11070,364.539
11072,364.412
11074,364.286
11076,364.203
11078,364.12
11080,364.037
11082,364.072
11084,364.106
11086,364.141
11088,364.102
11090,364.063
11092,364.024
11094,364.078
11096,364.132
11098,364.186
11100,364.045
11102,363.904
11104,363.763
11106,363.82
11108,363.876
11110,363.933
11112,364.071
11114,364.208
11116,364.346
11118,364.039
11120,363.732
11122,363.425
11124,363.83
11126,364.236
11128,364.641
11130,364.364
11132,364.087
11134,363.81
11136,363.91
11138,364.011
11140,364.111
11142,364.126
11144,364.141
11146,364.156
11148,364.055
11150,363.953
11152,363.852
11154,364.044
11156,364.236
11158,364.428
11160,364.191
11162,363.955
11164,363.718
11166,363.59
11168,363.463
11170,363.335
11172,363.723
11174,364.112
11176,364.5
11178,364.229
11180,363.957
11182,363.686
11184,363.557
11186,363.428
11188,363.299
11190,363.472
11192,363.646
11194,363.819
11196,363.706
11198,363.592
11200,363.479
11202,363.541
11204,363.603
11206,363.665
11208,363.448
11210,363.23
11212,363.013
11214,363.278
11216,363.543
11218,363.808
11220,363.836
11222,363.865
11224,363.893
11226,363.637
11228,363.38
11230,363.124
11232,363.107
11234,363.089
11236,363.072
11238,363.257
11240,363.442
11242,363.627
11244,363.695
11246,363.763
11248,363.831
11250,363.761
11252,363.691
11254,363.621
11256,363.517
11258,363.414
11260,363.31
11262,363.451
11264,363.591
11266,363.732
11268,363.581
11270,363.429
11272,363.278
11274,363.475
11276,363.671
11278,363.868
11280,363.412
11282,362.957
11284,362.501
11286,362.826
11288,363.152
11290,363.477
11292,363.462
11294,363.447
11296,363.432
11298,363.352
11300,363.272
11302,363.192
11304,363.083
11306,362.975
11308,362.866
11310,363.25
11312,363.635
11314,364.019
11316,363.644
11318,363.268
11320,362.893
11322,362.953
11324,363.012
11326,363.072
11328,363.074
11330,363.075
11332,363.077
11334,363.052
11336,363.027
11338,363.002
11340,363.146
11342,363.29
11344,363.434
11346,363.307
11348,363.179
11350,363.052
11352,362.902
11354,362.751
11356,362.601
11358,362.434
11360,362.268
11362,362.101
11364,362.311
11366,362.522
11368,362.732
11370,362.836
11372,362.939
11374,363.043
11376,362.922
11378,362.8
11380,362.679
11382,362.563
11384,362.447
11386,362.331
11388,362.565
11390,362.8
11392,363.034
11394,362.978
11396,362.921
11398,362.865
11400,362.83
11700,363.033
11702,363.033
11704,363.033
11706,363.048
11708,363.063
11710,363.078
11712,363.25
11714,363.422
11716,363.594
11718,363.333
11720,363.072
11722,362.811
11724,362.842
11726,362.873
11728,362.904
11730,363.054
11732,363.203
11734,363.353
11736,363.288
11738,363.222
11740,363.157
11742,363.244
11744,363.33
11746,363.417
11748,363.102
11750,362.787
11752,362.472
11754,362.466
11756,362.461
11758,362.455
11760,362.546
11762,362.636
11764,362.727
11766,362.728
11768,362.729
11770,362.73
11772,362.823
11774,362.915
11776,363.008
11778,362.936
11780,362.865
11782,362.793
11784,362.72
11786,362.647
11788,362.574
11790,362.406
11792,362.237
11794,362.069
11796,362.15
11798,362.231
11800,362.312
11802,362.251
11804,362.191
11806,362.13
11808,362.341
11810,362.551
11812,362.762
11814,362.53
11816,362.299
11818,362.067
11820,362.342
11822,362.618
11824,362.893
11826,362.68
11828,362.466
11830,362.253
11832,362.492
11834,362.732
11836,362.971
11838,362.81
11840,362.65
11842,362.489
11844,362.603
11846,362.718
11848,362.832
11850,362.721
11852,362.61
11854,362.499
11856,362.387
11858,362.274
11860,362.162
11862,362.04
11864,361.919
11866,361.797
11868,361.793
11870,361.79
11872,361.786
11874,361.75
11876,361.715
11878,361.679
11880,361.704
11882,361.73
11884,361.755
11886,361.978
11888,362.202
11890,362.425
11892,362.336
11894,362.248
11896,362.159
11898,362.054
11900,361.948
11902,361.843
11904,361.666
11906,361.489
11908,361.312
11910,361.457
11912,361.603
11914,361.748
11916,361.795
11918,361.841
11920,361.888
11922,361.783
11924,361.678
11926,361.573
11928,361.449
11930,361.326
11932,361.202
11934,361.437
11936,361.671
11938,361.906
11940,361.877
11942,361.848
11944,361.819
11946,361.855
11948,361.89
11950,361.926
11952,361.909
11954,361.892
11956,361.875
11958,361.764
11960,361.653
11962,361.542
11964,361.419
11966,361.297
11968,361.174
11970,361.41
11972,361.646
11974,361.882
11976,361.715
11978,361.548
11980,361.381
11982,361.28
11984,361.178
11986,361.077
11988,361.288
11990,361.499
11992,361.71
11994,361.471
11996,361.233
11998,360.994
12000,361.197
12002,361.401
12004,361.604
12006,361.463
12008,361.323
12010,361.182
12012,361.438
12014,361.694
12016,361.95
12018,361.349
12020,360.749
12022,360.148
12024,360.683
12026,361.217
12028,361.752
12030,361.459
12032,361.166
12034,360.873
12036,360.965
12038,361.056
12040,361.148
12042,361.323
12044,361.499
12046,361.674
12048,361.555
12050,361.437
12052,361.318
12054,361.136
12056,360.954
12058,360.772
12060,361.015
12062,361.258
12064,361.501
12066,361.2
12068,360.9
12070,360.599
12072,360.71
12074,360.821
12076,360.932
12078,360.749
12080,360.567
12082,360.384
12084,360.669
12086,360.955
12088,361.24
12090,360.995
12092,360.749
12094,360.504
12096,360.495
12098,360.486
12100,360.477
12102,360.59
12104,360.704
12106,360.817
12108,360.715
12110,360.614
12112,360.512
12114,360.543
12116,360.573
12118,360.604
12120,360.635
12122,360.667
12124,360.698
12126,360.736
12128,360.773
12130,360.811
12132,360.828
12134,360.844
12136,360.861
12138,360.727
12140,360.594
12142,360.46
12144,360.521
12146,360.581
12148,360.642
12150,360.52
12152,360.399
12154,360.277
12156,360.305
12158,360.334
12160,360.362
12162,360.292
12164,360.222
12166,360.152
12168,360.281
12170,360.409
12172,360.538
12174,360.352
12176,360.166
12178,359.98
12180,360.117
12182,360.253
12184,360.39
12186,360.325
12188,360.26
12190,360.195
12192,360.043
12194,359.89
12196,359.738
12198,360.096
12200,360.455
12202,360.813
12204,360.657
12206,360.501
12208,360.345
12210,360.468
12212,360.591
12214,360.714
12216,360.417
12218,360.121
12220,359.824
12222,359.894
12224,359.964
12226,360.034
12228,360.047
12230,360.059
12232,360.072
12234,360.019
12236,359.967
12238,359.914
12240,359.779
12242,359.645
12244,359.51
12246,359.534
12248,359.558
12250,359.582
12252,359.641
12254,359.699
12256,359.758
12258,359.507
12260,359.255
12262,359.004
12264,359.36
12266,359.717
12268,360.073
12270,360.043
12272,360.012
12274,359.982
12276,360.128
12278,360.274
12280,360.42
12282,360.261
12284,360.101
12286,359.942
12288,359.791
12290,359.641
12292,359.49
12294,359.556
12296,359.622
12298,359.688
12300,359.451
12600,360.941
12602,360.941
12604,360.941
12606,360.857
12608,360.772
12610,360.688
12612,360.48
12614,360.273
12616,360.065
12618,360.427
12620,360.788
12622,361.15
12624,360.696
12626,360.241
12628,359.787
12630,359.758
12632,359.729
12634,359.7
12636,359.915
12638,360.129
12640,360.344
12642,360.575
12644,360.805
12646,361.036
12648,360.84
12650,360.643
12652,360.447
12654,360.41
12656,360.372
12658,360.335
12660,360.195
12662,360.055
12664,359.915
12666,359.986
12668,360.057
12670,360.128
12672,360.087
12674,360.046
12676,360.005
12678,359.795
12680,359.585
12682,359.375
12684,359.48
12686,359.584
12688,359.689
12690,359.711
12692,359.733
12694,359.755
12696,359.839
12698,359.924
12700,360.008
12702,359.878
12704,359.747
12706,359.617
12708,359.599
12710,359.582
12712,359.564
12714,359.614
12716,359.663
12718,359.713
12720,359.589
12722,359.465
12724,359.341
12726,359.222
12728,359.102
12730,358.983
12732,359.314
12734,359.646
12736,359.977
12738,360.012
12740,360.047
12742,360.082
12744,359.955
12746,359.828
12748,359.701
12750,359.652
12752,359.604
12754,359.555
12756,359.733
12758,359.91
12760,360.088
12762,359.661
12764,359.235
12766,358.808
12768,359.09
12770,359.373
12772,359.655
12774,359.504
12776,359.352
12778,359.201
12780,359.044
12782,358.887
12784,358.73
12786,358.994
12788,359.259
12790,359.523
12792,359.403
12794,359.283
12796,359.163
12798,359.024
12800,358.885
12802,358.746
12804,358.781
12806,358.815
12808,358.85
12810,359.066
12812,359.282
12814,359.498
12816,359.208
12818,358.917
12820,358.627
12822,358.604
12824,358.58
12826,358.557
12828,358.655
12830,358.752
12832,358.85
12834,358.839
12836,358.827
12838,358.816
12840,358.606
12842,358.397
12844,358.187
12846,358.364
12848,358.541
12850,358.718
12852,358.857
12854,358.997
12856,359.136
12858,359.289
12860,359.443
12862,359.596
12864,359.203
12866,358.811
12868,358.418
12870,358.31
12872,358.203
12874,358.095
12876,358.432
12878,358.768
12880,359.105
12882,358.78
12884,358.455
12886,358.13
12888,358.125
12890,358.119
12892,358.114
12894,358.129
12896,358.143
12898,358.158
12900,358.285
12902,358.413
12904,358.54
12906,358.445
12908,358.351
12910,358.256
12912,358.286
12914,358.316
12916,358.346
12918,358.16
12920,357.973
12922,357.787
12924,357.953
12926,358.118
12928,358.284
12930,358.407
12932,358.53
12934,358.653
12936,358.533
12938,358.414
12940,358.294
12942,358.33
12944,358.365
12946,358.401
12948,358.55
12950,358.698
12952,358.847
12954,358.837
12956,358.826
12958,358.816
12960,358.667
12962,358.517
12964,358.368
12966,358.447
12968,358.527
12970,358.606
12972,358.459
12974,358.311
12976,358.164
12978,358.091
12980,358.017
12982,357.944
12984,357.992
12986,358.04
12988,358.088
12990,357.991
12992,357.894
12994,357.797
12996,357.829
12998,357.86
13000,357.892
13002,357.833
13004,357.775
13006,357.716
13008,357.713
13010,357.709
13012,357.706
13014,357.583
13016,357.46
13018,357.337
13020,357.453
13022,357.57
13024,357.686
13026,357.795
13028,357.904
13030,358.013
13032,358.033
13034,358.052
13036,358.072
13038,357.92
13040,357.769
13042,357.617
13044,357.606
13046,357.595
13048,357.584
13050,357.504
13052,357.425
13054,357.345
13056,357.394
13058,357.444
13060,357.493
13062,357.384
13064,357.276
13066,357.167
13068,357.469
13070,357.771
13072,358.073
13074,357.841
13076,357.608
13078,357.376
13080,357.392
13082,357.407
13084,357.423
13086,357.568
13088,357.712
13090,357.857
13092,357.459
13094,357.06
13096,356.662
13098,356.786
13100,356.909
13102,357.033
13104,357.059
13106,357.084
13108,357.11
13110,357.251
13112,357.391
13114,357.532
13116,357.484
13118,357.436
13120,357.388
13122,357.02
13124,356.653
13126,356.285
13128,356.708
13130,357.13
13132,357.553
13134,357.479
13136,357.405
13138,357.331
13140,357.236
13142,357.14
13144,357.045
13146,357.09
13148,357.134
13150,357.179
13152,357.212
13154,357.246
13156,357.279
13158,357.271
13160,357.264
13162,357.256
13164,357.202
13166,357.148
13168,357.094
13170,357.018
13172,356.941
13174,356.865
13176,356.852
13178,356.839
13180,356.826
13182,356.603
13184,356.379
13186,356.156
13188,356.445
13190,356.734
13192,357.023
13194,356.979
13196,356.935
13198,356.891
13200,356.946
13500,358.094
13502,358.094
13504,358.094
13506,357.842
13508,357.591
13510,357.339
13512,357.539
13514,357.739
13516,357.939
13518,357.855
13520,357.77
13522,357.686
13524,357.661
13526,357.635
13528,357.61
13530,357.604
13532,357.599
13534,357.593
13536,357.473
13538,357.352
13540,357.232
13542,357.238
13544,357.244
13546,357.25
13548,357.307
13550,357.363
13552,357.42
13554,357.398
13556,357.375
13558,357.353
13560,357.275
13562,357.196
13564,357.118
13566,357.097
13568,357.077
13570,357.056
13572,356.97
13574,356.884
13576,356.798
13578,356.974
13580,357.15
13582,357.326
13584,357.157
13586,356.987
13588,356.818
13590,356.896
13592,356.974
13594,357.052
13596,357.066
13598,357.08
13600,357.094
13602,356.855
13604,356.616
13606,356.377
13608,356.568
13610,356.759
13612,356.95
13614,356.8
13616,356.649
13618,356.499
13620,356.479
13622,356.46
13624,356.44
13626,356.404
13628,356.369
13630,356.333
13632,356.285
13634,356.236
13636,356.188
13638,356.238
13640,356.287
13642,356.337
13644,356.337
13646,356.336
13648,356.336
13650,356.465
13652,356.593
13654,356.722
13656,356.583
13658,356.443
13660,356.304
13662,356.336
13664,356.369
13666,356.401
13668,356.423
13670,356.445
13672,356.467
13674,356.386
13676,356.306
13678,356.225
13680,356.309
13682,356.392
13684,356.476
13686,356.416
13688,356.357
13690,356.297
13692,356.23
13694,356.163
13696,356.096
13698,356.004
13700,355.913
13702,355.821
13704,355.963
13706,356.105
13708,356.247
13710,356.158
13712,356.068
13714,355.979
13716,356.141
13718,356.302
13720,356.464
13722,356.452
13724,356.441
13726,356.429
13728,356.454
13730,356.478
13732,356.503
13734,356.54
13736,356.577
13738,356.614
13740,356.179
13742,355.743
13744,355.308
13746,355.439
13748,355.569
13750,355.7
13752,355.605
13754,355.51
13756,355.415
13758,355.671
13760,355.926
13762,356.182
13764,356.206
13766,356.231
13768,356.255
13770,355.984
13772,355.712
13774,355.441
13776,355.364
13778,355.288
13780,355.211
13782,355.417
13784,355.623
13786,355.829
13788,355.49
13790,355.151
13792,354.812
13794,355.081
13796,355.349
13798,355.618
13800,355.539
13802,355.459
13804,355.38
13806,355.504
13808,355.628
13810,355.752
13812,355.721
13814,355.689
13816,355.658
13818,355.444
13820,355.23
13822,355.016
13824,355.312
13826,355.609
13828,355.905
13830,355.845
13832,355.785
13834,355.725
13836,355.68
13838,355.634
13840,355.589
13842,355.367
13844,355.145
13846,354.923
13848,355.062
13850,355.201
13852,355.34
13854,355.408
13856,355.477
13858,355.545
13860,355.587
13862,355.63
13864,355.672
13866,355.787
13868,355.901
13870,356.016
13872,355.909
13874,355.803
13876,355.696
13878,355.343
13880,354.99
13882,354.637
13884,354.974
13886,355.311
13888,355.648
13890,355.726
13892,355.805
13894,355.883
13896,355.757
13898,355.632
13900,355.506
13902,355.314
13904,355.122
13906,354.93
13908,354.958
13910,354.985
13912,355.013
13914,355.347
13916,355.681
13918,356.015
13920,355.82
13922,355.625
13924,355.43
13926,355.244
13928,355.058
13930,354.872
13932,355.026
13934,355.18
13936,355.334
13938,355.34
13940,355.346
13942,355.352
13944,355.284
13946,355.217
13948,355.149
13950,354.961
13952,354.773
13954,354.585
13956,354.745
13958,354.906
13960,355.066
13962,355.045
13964,355.024
13966,355.003
13968,354.935
13970,354.868
13972,354.8
13974,355.167
13976,355.533
13978,355.9
13980,355.61
13982,355.319
13984,355.029
13986,355.162
13988,355.295
13990,355.428
13992,355.406
13994,355.384
13996,355.362
13998,355.29
14000,355.218
14002,355.146
14004,355.355
14006,355.565
14008,355.774
14010,355.563
14012,355.351
14014,355.14
14016,355.246
14018,355.352
14020,355.458
14022,355.304
14024,355.15
14026,354.996
14028,355.181
14030,355.366
14032,355.551
14034,355.47
14036,355.388
14038,355.307
14040,355.202
14042,355.096
14044,354.991
14046,354.871
14048,354.752
14050,354.632
14052,354.857
14054,355.083
14056,355.308
14058,355.301
14060,355.295
14062,355.288
14064,355.17
14066,355.052
14068,354.934
14070,355.075
14072,355.216
14074,355.357
14076,355.022
14078,354.688
14080,354.353
14082,354.367
14084,354.38
14086,354.394
14088,354.395
14090,354.397
14092,354.398
14094,354.678
14096,354.958
14098,355.238
14100,355.132
